"method","n","replication","full_mae","full_rmse","bound_mae","bound_rmse","inter_mae","inter_rmse","runtime"
"Random",50,1,0.894473586988638,2.13513994601501,0.89533381219735,2.13745626119648,0.685333527572348,1.46721424550419,0
"Random",50,2,1.28086775827926,3.66942181229245,1.28397018496199,3.67613445628488,0.510819602069566,1.10723713983215,0
"Random",50,3,1.31090083137579,3.21796383608649,1.31376789196466,3.22358018100122,0.613854039638103,1.24884890376119,0
"Random",50,4,1.0569423169565,2.57938800801349,1.0593866366264,2.58392625693143,0.462673332722106,0.977905269147232,0
"Random",50,5,1.38067323503933,3.46553512010352,1.38417146237344,3.4718248474932,0.530175638483222,1.18385121033967,0
"Random",50,6,1.19610522405079,2.8908839192788,1.19791101791389,2.89502458603501,0.757076197701686,1.59141419605303,0
"Random",50,7,1.7294829048042,4.45205524643938,1.73276248737671,4.45961304249755,0.915463180451379,1.76162606931841,0
"Random",50,8,1.01163525993289,2.47113377199942,1.01393522222398,2.47553670498043,0.452462795164662,0.90073834184331,0
"Random",50,9,1.25248220670229,3.22512711859475,1.25495146795277,3.23048135602084,0.639590987156971,1.34987351768941,0
"Random",50,10,0.966143978284532,2.48035335590711,0.967713578061248,2.48414229063648,0.584539036651694,1.25657592051878,0
"Random",50,11,1.55829496520118,3.98375302577859,1.55949311654219,3.98910484798474,1.26699747692699,2.34444431089057,0
"Random",50,12,0.776093933141604,1.891509728555,0.777632481920107,1.89470722586986,0.402038186237749,0.796534323256458,0
"Random",50,13,1.58618194127521,4.44209314841593,1.59067583043715,4.45068500848164,0.493616602779957,1.07531294132031,0
"Random",50,14,1.02459889043771,2.52703276520457,1.02700852584791,2.53153972628314,0.43876242836087,0.91814873533252,0
"Random",50,15,2.38736068345633,6.80321747510549,2.39353005516498,6.81620498094282,0.887447924983177,1.8109950555489,0.0010000000000332
"Random",50,16,1.15356743210302,2.83960599613308,1.15564203951076,2.84409353749958,0.649183798462898,1.36466871951304,0
"Random",50,17,1.97528598983216,5.25091498908336,1.98011169491859,5.26053168858055,0.802048751167168,1.73088774576813,0
"Random",50,18,1.03836580591658,2.54894123398197,1.03922327159378,2.5521681288141,0.829896650560964,1.57959651712429,0
"Random",50,19,0.894415187640713,2.11595299718577,0.896257982289313,2.11952883670381,0.446390439706416,0.891666720510959,0
"Random",50,20,0.844702850477282,2.12648857468341,0.84549459313188,2.12925835996739,0.65221243733001,1.28691356311,0
"Random",50,21,1.59981915927004,4.07473815345535,1.60413088660876,4.08225830783625,0.506750409464443,1.02599889054258,0
"Random",50,22,1.02088488421935,2.84547168058735,1.0224551128617,2.84998650817026,0.639127051233491,1.35832823008359,0
"Random",50,23,1.26202336986898,3.24548737870371,1.26375433108726,3.25037840384032,0.84118783939227,1.67595863246905,0
"Random",50,24,1.21806441365492,2.89387510073312,1.2213397869703,2.89929880566975,0.421747631896883,0.857608580494652,0
"Random",50,25,1.3116911799668,3.6096346169891,1.31472217089914,3.61608958308012,0.559373972303328,1.20522921524688,0
"Random",50,26,1.07183649649232,2.66684564925681,1.07437071740443,2.6717302582573,0.455710502085205,0.878747200361164,0
"Random",50,27,1.7070970810552,5.27678860827411,1.70703671036313,5.28380569797697,1.7217745515576,3.13496364435923,0
"Random",50,28,1.14019626887575,2.83096114656208,1.1430891699945,2.83608664390315,0.43686706422974,0.975960952003505,0
"Random",50,29,0.94805650837288,2.44414803221069,0.948975426952625,2.44745698854432,0.72464677285258,1.42781424883128,0
"Random",50,30,1.0548795876886,2.71841212562413,1.05694609904894,2.72299905536567,0.552464284918099,1.14960042415911,0
"Random",60,1,0.96881571135426,2.31926185756494,0.970230460257253,2.32257760930606,0.625147217633408,1.28069257626511,0
"Random",60,2,1.24208261086074,3.40084867256085,1.24495144205219,3.40693382317673,0.530612475381473,1.13667453374841,0
"Random",60,3,1.27278471806288,3.20055444827256,1.27570777539274,3.20626813430144,0.562720403831233,1.16238543817252,0
"Random",60,4,1.03886690465566,2.57867272248704,1.04136186526927,2.58329292164556,0.432795145803113,0.925266300065118,0
"Random",60,5,1.19919860572827,3.15464747001962,1.20219329685279,3.16052399481445,0.47173312705109,0.967880963011426,0
"Random",60,6,1.48104311401422,4.13319284718008,1.48119330391315,4.13801619810479,1.44455922897387,2.71883587209503,0
"Random",60,7,1.39937068852642,5.33163886558965,1.40296318288102,5.34193001803075,0.508432088584279,1.08868201235662,0
"Random",60,8,1.26091395369532,3.18855355283812,1.26381773507226,3.19426639210715,0.555532122478116,1.14415579280795,0
"Random",60,9,1.70551147264446,4.25042960782529,1.71019888517408,4.25831182547994,0.543033165299769,1.19722569671123,0
"Random",60,10,1.12801095185367,2.84164212015936,1.1299108161961,2.84618638211631,0.666499007611137,1.34023248187068,0
"Random",60,11,1.51751108024542,4.14085398824424,1.52122538023715,4.14845122602756,0.615239390418647,1.35966455495649,0
"Random",60,12,1.100112833048,2.90156261398213,1.10185153268936,2.90616951661908,0.677750754862993,1.38550540112867,0
"Random",60,13,1.38820458123562,3.46529766583243,1.39190541414139,3.47187244173853,0.489204293942054,0.963690229278834,0
"Random",60,14,1.13129278567656,2.97561846427944,1.13393480737409,2.98098763456552,0.489497188415932,1.04176875192442,0
"Random",60,15,1.92123182677123,5.62589843613956,1.92655474506975,5.63681765265216,0.628197204173208,1.3329005121944,0
"Random",60,16,1.11477292704229,2.72603526398306,1.1163313997863,2.72996100767835,0.736191272513276,1.49272833997191,0
"Random",60,17,1.69856990549203,4.30227187835471,1.70305279174693,4.31030006726637,0.609594495449203,1.30895091743846,0
"Random",60,18,1.28929359908825,3.30865480923492,1.29035701810957,3.31311464362967,1.03096958662296,1.94250678194536,0
"Random",60,19,0.965272680441644,2.49827391416426,0.967396284633178,2.5027166970349,0.449410217342902,0.918768546629679,0
"Random",60,20,0.899865240016008,2.21526343056828,0.901909316889875,2.21922413451631,0.403321423084942,0.800530188582144,0
"Random",60,21,1.58189411860012,4.15229834086948,1.58614138133655,4.15996521256009,0.506071504192009,1.04840196626562,0
"Random",60,22,0.748632989452073,1.77813396062548,0.749718324166253,1.78047972349279,0.484985252658512,1.06487534994527,0
"Random",60,23,1.49114273945902,4.14858419741918,1.4952764185068,4.1565420877649,0.486996174034003,1.07515764831811,0
"Random",60,24,1.05711725442507,2.62648958544698,1.05975728388147,2.63121661330112,0.41580560912881,0.927964836709552,0
"Random",60,25,1.46708314961497,4.01711497529312,1.46951048302001,4.02356834768902,0.852244762657697,1.73023314880982,0
"Random",60,26,1.04523749117148,2.75034028624439,1.04771019405208,2.75540370746888,0.444572544482741,0.890122180110792,0
"Random",60,27,1.16307448707764,3.33876904041483,1.16544609590579,3.34470573802493,0.586967142558227,1.22838100843781,0
"Random",60,28,1.25534281612218,3.13552545246965,1.25851616948851,3.14117633849835,0.468351181272835,1.01746061436174,0
"Random",60,29,1.00678941265052,2.62037539591004,1.00716322627695,2.62337745649631,0.915983216824534,1.74422784855258,0
"Random",60,30,1.09993210489378,2.65285550150733,1.10232652202781,2.6573946840377,0.518284203949007,1.08733189359807,0
"Random",70,1,1.21386521710882,2.87680838091995,1.2165428566016,2.88170788732441,0.550368464459821,1.13351678164743,0
"Random",70,2,1.10526428035177,2.96767060266145,1.1076792325157,2.97287594077131,0.506859258731418,1.06991484808592,0
"Random",70,3,1.30039743180927,3.21990476111259,1.30378628681393,3.22594098803616,0.477873909963922,0.961309840531205,0
"Random",70,4,1.02613006494422,2.61049197061042,1.02833392046657,2.61502979998566,0.491222846017291,1.02922275118186,0
"Random",70,5,1.24476968076872,3.09994415509172,1.24795623831505,3.10571437407071,0.471346642022635,0.958404157506145,0
"Random",70,6,1.33948023433898,3.53667685381836,1.34267214745879,3.5429350823552,0.564757321401257,1.3245472512197,0
"Random",70,7,1.3541438515595,3.82476188181067,1.35751804844511,3.83186840903732,0.518045981610905,1.0704907721773,0
"Random",70,8,1.09751362235263,2.83457566881236,1.09904320865561,2.83882495563469,0.726261175386842,1.47766231368105,0
"Random",70,9,1.51023587626484,3.82975097308241,1.51393653661091,3.8366368519177,0.593243081344949,1.25941081978971,0
"Random",70,10,1.36059897196957,3.8547885738202,1.36376701511465,3.86185315333941,0.591669642900095,1.27587896853225,0
"Random",70,11,1.7150576144031,5.26234876191386,1.71885012770825,5.27224678821996,0.794560456479878,1.54404739717819,0
"Random",70,12,1.41827491962556,4.78097746088464,1.42166814096278,4.790188068732,0.594691626491599,1.20870329884181,0
"Random",70,13,1.162974864782,2.85619683252242,1.16554410312933,2.86101425150731,0.539384014479503,1.21366167063635,0
"Random",70,14,0.963063476003164,2.80517608273962,0.96385829345331,2.80927375596191,0.770149926318632,1.51164947144764,0
"Random",70,15,2.17459313996072,6.85552434380626,2.18027146193746,6.8685860327179,0.767552273475756,1.60594673426122,0
"Random",70,16,1.00245544566311,2.6340198841827,1.00401577008371,2.63804228344417,0.623742418434388,1.33827476053428,0
"Random",70,17,1.47960883068277,3.85367852057239,1.48368120306386,3.86099000016021,0.491185877042085,1.07721083049544,0
"Random",70,18,1.13671008255674,2.87664262229561,1.13770648294318,2.8804536083874,0.894869474478476,1.71751840993886,0
"Random",70,19,0.825018269701127,1.92331299179016,0.826476797918693,1.92622802666326,0.471012635180066,0.987675688736319,0
"Random",70,20,0.91546629511446,2.1704335989725,0.917405365544658,2.17413867521922,0.44482620069925,0.896558452755433,0
"Random",70,21,1.02813317276719,2.40126815584383,1.0306230337293,2.40544951875158,0.397986446292165,0.824272159763355,0
"Random",70,22,1.45491619780861,5.17949937975755,1.45885010512313,5.18963298453725,0.500100693900259,1.15047826538242,0
"Random",70,23,1.1848523009072,3.08477318470615,1.18725880593514,3.09003932142432,0.600759151983678,1.27412182315275,0
"Random",70,24,1.12864141788499,2.74123387399743,1.13157057793274,2.74634092727729,0.417692429150924,0.843927442046084,0
"Random",70,25,2.17206917348659,6.3276243399936,2.17664321867241,6.33885421678623,1.01444646103303,2.00978770603786,0
"Random",70,26,1.20840329305609,3.15186217048692,1.21151822939199,3.15784053612494,0.452363745241835,0.882404261228848,0
"Random",70,27,1.13184825270761,3.00526958214148,1.13388345360303,3.01021753863118,0.637875921090161,1.3443986804206,0
"Random",70,28,1.22916934703552,3.24933103766048,1.23209334777334,3.25513277045303,0.504626330874986,1.09872570708669,0
"Random",70,29,0.924775598675012,2.20608090303406,0.925326743914318,2.2083883694391,0.791004775592282,1.54740010860487,0
"Random",70,30,1.0508895619684,2.67751263083783,1.05329348069144,2.68228814507299,0.467424146189406,0.978062566500282,0
"Random",80,1,1.22624688960792,3.00430926551949,1.2291853723694,3.00958402576774,0.498727532580314,1.08262365179582,0
"Random",80,2,1.12921334454709,2.93301717903688,1.13180454739724,2.9382238458921,0.48767470556531,1.01689098993945,0
"Random",80,3,1.31781265419317,3.28434728659709,1.32105417924938,3.29036418449428,0.531709751275287,1.09242243793115,0
"Random",80,4,1.08081914318868,2.73417471428744,1.08354237970926,2.73920628007164,0.420406498820107,0.892781491397496,0
"Random",80,5,1.17533072440974,2.93861028842964,1.17806352102329,2.94380812700303,0.512599659942535,1.10474976923983,0
"Random",80,6,1.24605203354208,3.92980529855989,1.24838959955159,3.93678904003201,0.679168423520959,1.45611839039804,0
"Random",80,7,1.35185196245815,3.26846087307904,1.35473863391972,3.27407035384397,0.637160219765431,1.26351805227379,0
"Random",80,8,1.12723293166496,2.81320679806136,1.12972864554421,2.81812680434768,0.509335770395152,1.02690795579742,0
"Random",80,9,1.63297293746817,4.32150967076053,1.63736243293241,4.32945743084201,0.52299094614023,1.13534267513429,0.0010000000000332
"Random",80,10,1.26168743727037,3.65527072191272,1.26447381223889,3.66191812168643,0.585963075005024,1.25109550046274,0
"Random",80,11,1.51431015845697,5.02279404238433,1.5182866909639,5.03260631889874,0.549960448664083,1.14055195260486,0
"Random",80,12,0.963105551855611,2.33250452733702,0.9650512383399,2.33638909785275,0.491256725471451,1.02090916429012,0
"Random",80,13,1.21747662275577,3.30820478490899,1.22022123200369,3.31418256988964,0.551880873917575,1.1592743803321,0
"Random",80,14,1.08721773355654,3.05593995593372,1.08925366968093,3.06122322806656,0.593482448532533,1.22522225335159,0
"Random",80,15,1.54031548343517,5.14398248989515,1.54256511104184,5.15277743663383,0.983345181817705,2.00986170898184,0
"Random",80,16,1.06080753993413,2.79078037662748,1.06282871281346,2.79539426016777,0.570652492483197,1.240164103083,0
"Random",80,17,1.28618132233548,3.49003739620767,1.28917405676343,3.49635524888732,0.560412685451614,1.21499105004661,0
"Random",80,18,1.13557468074276,2.81785609271613,1.13792186628635,2.82259625301963,0.566358235550039,1.2068151982879,0
"Random",80,19,0.940240929528805,2.21921040565291,0.942179146059564,2.22291932135102,0.470203643100077,0.964065180923199,0
"Random",80,20,0.963251201517025,2.38936986576968,0.965293230657856,2.39357925909206,0.468038297833366,0.909150285926003,0
"Random",80,21,1.11212678562763,2.67568852387568,1.11488653951469,2.68040768244706,0.41426136120994,0.876150787292735,0
"Random",80,22,1.01500468448227,2.61750678931409,1.01695824086441,2.62172019657074,0.541247327564935,1.22389940932864,0
"Random",80,23,1.24541759253233,3.22380091503128,1.24784503054555,3.22926035003508,0.656739104551796,1.35986809115909,0.000999999999976353
"Random",80,24,1.03954861336268,2.58772057128871,1.04146448492113,2.59197996356424,0.57493021072904,1.16014927497049,0
"Random",80,25,1.94585741381745,6.56087874934615,1.95033501071848,6.57304710139358,0.813597005970951,1.62219579940764,0
"Random",80,26,1.4735824069852,3.89620582321959,1.47759913829576,3.9036774888876,0.499484077120552,1.0234163158216,0
"Random",80,27,1.27388088781316,3.68178930292321,1.27705431566687,3.6887053450567,0.504292251372916,1.0925654788459,0
"Random",80,28,1.23457500013708,3.1128300763667,1.23741629927361,3.11832458032479,0.531116688917063,1.10144213238262,0
"Random",80,29,0.958177929544023,2.32223058329903,0.960322447702399,2.32625588197399,0.438110393299677,0.924669640259814,0
"Random",80,30,1.1366674103863,3.16769045299757,1.13905512034122,3.17333098062227,0.557623381930303,1.16639251436381,0
"Random",90,1,1.5573599122285,3.98147342080584,1.56135691593448,3.98879421575088,0.568601120460984,1.19084934771404,0
"Random",90,2,1.13222380190524,3.02330681731731,1.13425863425154,3.0282499528522,0.628857150240966,1.31927675454484,0
"Random",90,3,1.17441067692876,2.99819270036479,1.1770449693095,3.00355578252142,0.536105504754862,1.09079853830594,0
"Random",90,4,1.15271229472591,3.04499300181473,1.15513980736611,3.0503392753919,0.564511119683207,1.17297771058306,0
"Random",90,5,1.28984506559517,3.44652881217072,1.29350359930728,3.45320499887743,0.403359947965034,0.846754484918651,0
"Random",90,6,1.38388319746227,4.08444046504578,1.3858818538053,4.09089270160955,0.889465584605211,1.90625932776075,0
"Random",90,7,1.32059320896153,3.27033178154999,1.32291886147514,3.27552656067145,0.745284918407368,1.51104571605792,0
"Random",90,8,1.05758127184872,2.5984821006288,1.06003078138717,2.60298033915444,0.451633849773396,0.981922994638135,0
"Random",90,9,1.51280960841779,3.93871040197718,1.51700296228634,3.94597656393221,0.453318604394469,1.01892872080193,0
"Random",90,10,1.46777957660716,3.80367507665151,1.47163552869856,3.81085213644376,0.533458776991618,1.1072193028214,0
"Random",90,11,1.43489457037958,3.78299596167213,1.43840378759289,3.79000671234463,0.584589754592604,1.20267898108123,0
"Random",90,12,1.24947304711525,3.98928273883105,1.2504022348139,3.99551523295988,1.02432517882881,1.96366049904496,0
"Random",90,13,1.31203348316093,3.88454812910788,1.3153619140858,3.89189786998121,0.505534291918154,1.1138855114438,0
"Random",90,14,1.04264144927268,2.67339778122267,1.04497332116142,2.6781013222891,0.477614613863196,1.02370371987765,0
"Random",90,15,1.40084071444165,3.66264137187564,1.40342221812496,3.66863988859697,0.762241240780794,1.59253811454395,0
"Random",90,16,0.896674073552425,2.23254367789679,0.898099145653442,2.23586671110233,0.551370378544675,1.17742351970872,0
"Random",90,17,1.21026686886061,3.05977590073923,1.2134523356415,3.06545070275927,0.438408764993749,0.969433559374472,0
"Random",90,18,1.24601402952385,3.22806639851391,1.24916033389626,3.23404855290315,0.483645217001519,1.02639924450403,0
"Random",90,19,1.05629441224151,2.50869119879725,1.05858012452162,2.51297778008953,0.502452332612548,1.0381234347823,0
"Random",90,20,1.07320022934457,2.85699119808224,1.07585046565192,2.86227058998977,0.417598022812637,0.83252774411585,0
"Random",90,21,1.09642075882264,2.62710499872007,1.0989401128121,2.6316560824872,0.459881851910891,0.924534134133176,0
"Random",90,22,1.13168660432302,2.89379632958509,1.13344707966656,2.89785408683279,0.705112650163088,1.63694655001904,0
"Random",90,23,1.23093546237888,3.02229442452181,1.23336296683389,3.02742706774324,0.642736270657207,1.26901582149962,0
"Random",90,24,1.0055017988109,2.57176278091342,1.00714511724429,2.57585293340238,0.607315681268105,1.22976481300117,0
"Random",90,25,1.94092365335955,6.55212979871957,1.94579706645887,6.56445114860972,0.709609173478082,1.44813144160841,0
"Random",90,26,1.38138003150734,3.78424265559131,1.384400809228,3.79110920759846,0.649427095233195,1.31017729279013,0
"Random",90,27,1.2786888249564,3.41526229144513,1.28170225987545,3.42136373105178,0.54851509446881,1.24765301376905,0
"Random",90,28,1.28751811030463,3.36099989300018,1.29063116397144,3.36708520922359,0.517426459477247,1.08081592036804,0
"Random",90,29,0.848700713287676,1.97076887088575,0.850341373375221,1.97388220875256,0.451158729217717,0.952974711738065,0
"Random",90,30,1.35979257465872,4.28264441301325,1.36226272208011,4.29031833999059,0.761260731104192,1.54923777403518,0
"QMC",50,1,1.66027332635149,4.2690161576792,1.66454533384538,4.27672983539285,0.5772739797619,1.23016182976907,0.0120000000000005
"QMC",50,2,1.37127301605676,4.72930579645951,1.37477927587359,4.73851273984857,0.51882254263124,1.08324966831924,0.0120000000000005
"QMC",50,3,2.42777504882736,9.0074397981511,2.43558418875556,9.02536186137469,0.489481442482936,0.95747515339407,0.0120000000000005
"QMC",50,4,1.67582260092012,4.52249301149286,1.67989568655297,4.53051760295788,0.620716331331516,1.27839201873244,0.0110000000000241
"QMC",50,5,1.24591972173226,3.20711477536432,1.24893490601561,3.21290009846109,0.497525856068467,1.0327952036445,0.0110000000000241
"QMC",50,6,2.16213172329867,7.21837041878701,2.16916092993998,7.2324275175534,0.380153060932702,0.779525489582427,0.0109999999999673
"QMC",50,7,1.5295797334129,4.33080588237776,1.53405045418859,4.33901065393078,0.396204455916371,0.850110758401521,0.0120000000000005
"QMC",50,8,1.51678849228461,3.76006022386644,1.52122508622731,3.76719860298337,0.415588904088995,0.895107078257736,0.0110000000000241
"QMC",50,9,1.08120887611703,3.17314250932973,1.08375959196086,3.17908248431232,0.461072593514039,0.946215170502314,0.0129999999999768
"QMC",50,10,1.14255229446275,3.44815282920545,1.14550245707088,3.45477722062927,0.425301536285844,0.878820198369644,0.0110000000000241
"QMC",50,11,1.78390778714489,5.30714709246632,1.78895522520375,5.3172809493561,0.5310915989514,1.20087646860752,0.0110000000000241
"QMC",50,12,1.88000576933363,4.99744482955353,1.88574586356507,5.00714483825168,0.455266546971185,0.941899523210715,0.0109999999999673
"QMC",50,13,1.86016014794828,4.79880470574745,1.86513626213357,4.80792071409012,0.650355080818247,1.31798360805992,0.0110000000000241
"QMC",50,14,1.19585426990587,2.95893265055303,1.19903994165576,2.96447073669428,0.421345952427301,0.883072052936486,0.0110000000000241
"QMC",50,15,1.55890197265807,4.07657794313092,1.56212697722504,4.08369682702759,0.75842896409975,1.48309040525919,0.0120000000000005
"QMC",50,16,1.2199621426181,3.23022968086399,1.22295967288526,3.23606711611916,0.460056331274113,0.930173073824587,0.0120000000000005
"QMC",50,17,1.22399595516704,3.23889865742561,1.22708772176757,3.24476480053084,0.440200230798467,0.921095071354139,0.0110000000000241
"QMC",50,18,1.93777288175519,4.60492554688133,1.94375415069777,4.61391840701842,0.483592128431163,1.0244855558337,0.0110000000000241
"QMC",50,19,1.14032847514376,3.21838948848066,1.14281017495365,3.2241042031961,0.52434990149566,1.10441900537432,0.0109999999999673
"QMC",50,20,1.5446073518566,4.2219736976539,1.54819389163769,4.22957893040907,0.654398290357226,1.36792430170502,0.0110000000000241
"QMC",50,21,1.82458305355299,5.27088598659007,1.83022832343,5.28140422860105,0.452091215902697,0.89314249419959,0.0120000000000005
"QMC",50,22,1.49415300761612,4.22739771719736,1.49826703205717,4.23544712121061,0.473017857811058,0.981186540403369,0.0120000000000005
"QMC",50,23,1.35604971816828,3.44286291320775,1.35980594091793,3.44939349372028,0.442827644359431,0.954074294954398,0.0110000000000241
"QMC",50,24,2.12642476560918,5.80664026362659,2.13208341381455,5.81756658245467,0.721901125635154,1.48060218408005,0.0110000000000241
"QMC",50,25,1.46321283103159,4.06167630728137,1.46672498754604,4.06923288838236,0.60932873804122,1.24872549551287,0.0120000000000005
"QMC",50,26,1.4306899050324,4.26403647280577,1.43429577859943,4.27214745823114,0.554021092704055,1.16145221127467,0.0110000000000241
"QMC",50,27,1.84622477443115,5.67683957934155,1.85158266097187,5.68747037839718,0.458299208796144,0.964896769303012,0.0120000000000005
"QMC",50,28,1.44778682176481,3.87077466275771,1.45187899451702,3.87825106266942,0.452887760600008,0.94743987948034,0.0109999999999673
"QMC",50,29,1.56954528549151,4.34058895969443,1.57381072769779,4.34863694107828,0.488210309154577,1.05476487982492,0.0109999999999673
"QMC",50,30,1.19520619702539,3.5109428286391,1.19825213597036,3.51749154855372,0.439178768056344,0.949933149574472,0.0120000000000005
"QMC",60,1,1.59723110909668,4.04440324069679,1.60144440385882,4.05179170840954,0.530012510306032,1.09786389633169,0.0109999999999673
"QMC",60,2,1.25970153929445,3.38154121546523,1.26287468686251,3.38788409770768,0.488885712710954,1.00223394387133,0.0110000000000241
"QMC",60,3,2.01878269792555,7.24249041154078,2.02506591704131,7.25658311268163,0.427256664455611,0.834884390968261,0.0120000000000005
"QMC",60,4,1.45822187430666,3.67486274781291,1.46157583626192,3.68119841495451,0.590129025628462,1.20078423708285,0.0109999999999673
"QMC",60,5,1.40142416031927,3.52676830767992,1.4052700735295,3.5333878258025,0.447637684183918,0.920791230715461,0.0110000000000241
"QMC",60,6,1.88196713443746,5.25623806181478,1.88749823163161,5.26621655348782,0.480951983453729,1.01597804024539,0.0120000000000005
"QMC",60,7,1.59941971257626,4.40878249636259,1.60397504497022,4.41706489738625,0.445563709381318,0.959942380350119,0.0110000000000241
"QMC",60,8,1.33454684751026,4.35500624826892,1.33806256102342,4.36337219017318,0.462649896246445,0.93679903855787,0.0110000000000241
"QMC",60,9,1.69112541148529,4.63276283845976,1.69603654930675,4.64177961396351,0.498119830079589,1.07148804929097,0.0110000000000241
"QMC",60,10,1.314042407011,3.99735045166788,1.31764118597059,4.00511695697166,0.439832897706912,0.938691241646479,0.0120000000000005
"QMC",60,11,1.44544336203236,3.87687226596826,1.44938841872133,3.88413231766649,0.467069303167054,1.02786454788275,0.0110000000000241
"QMC",60,12,1.65501084879457,4.42157908799597,1.65986872701419,4.43006565637781,0.45025705032825,0.959468448938484,0.0110000000000241
"QMC",60,13,1.87067695804862,6.53604481727175,1.87586907795623,6.54900017119661,0.609415667022579,1.24097655887162,0.0120000000000005
"QMC",60,14,1.09329630248746,2.70690236189566,1.09608365221477,2.71189486171908,0.416197857504063,0.869233108469138,0.0120000000000005
"QMC",60,15,1.39524005216849,3.41217247305183,1.39834707542566,3.41800253520462,0.608237671814831,1.24760264866587,0.0120000000000005
"QMC",60,16,1.20753615309747,3.11039867378989,1.21032177839949,3.11581358117528,0.486543656447231,0.97387028511814,0.0109999999999673
"QMC",60,17,1.32839682241627,3.54749969320699,1.33188265169807,3.55393418037933,0.426173269609415,0.870593368364121,0.0120000000000005
"QMC",60,18,1.92836871337278,5.86292933259843,1.93319076517382,5.87403974721943,0.757003762602752,1.64218007572748,0.0109999999999673
"QMC",60,19,1.28799753515876,3.78505648928736,1.29107427918579,3.79202244964372,0.524965016455493,1.11211870485792,0.0120000000000005
"QMC",60,20,1.8220842441341,7.15907828301844,1.82675780838763,7.17297603049107,0.663040309257108,1.36196567590732,0.0120000000000005
"QMC",60,21,1.47209256184805,3.92133243110252,1.47615288417788,3.92876207145497,0.465132624050244,0.95532720641072,0.0110000000000241
"QMC",60,22,1.82106499467748,5.05702687299907,1.82641421633494,5.06666073132077,0.466118530167466,0.932381745370755,0.0110000000000241
"QMC",60,23,1.46169437916676,3.73529770321937,1.46567032336827,3.74238658055627,0.495864505073345,1.03717799366961,0.0109999999999673
"QMC",60,24,1.47986743653401,4.17771178702801,1.4841743055703,4.18572299566922,0.411763915533606,0.914862266760806,0.0110000000000241
"QMC",60,25,1.53860803834653,3.93347207319985,1.54248015132421,3.9407493564274,0.598000675624851,1.24589968835277,0.0120000000000005
"QMC",60,26,1.24621039089448,2.99442820611243,1.24926476319989,2.9997959687848,0.504247257194849,1.07264284568593,0.0110000000000241
"QMC",60,27,1.55824798690892,4.32810975589123,1.56253414644239,4.33608805338089,0.448878086787524,0.917081815769476,0.0109999999999673
"QMC",60,28,1.28766771921202,3.30041813189437,1.29115678735226,3.30672458318815,0.440108983021757,0.878025466116794,0.0110000000000241
"QMC",60,29,1.8114504157784,4.97864417382631,1.81627327055234,4.9876522726577,0.563169786681449,1.24505781953462,0.0120000000000005
"QMC",60,30,1.43188324614975,4.15337817057134,1.43587832391229,4.16138446393754,0.441103961039144,0.86086227415742,0.0120000000000005
"QMC",70,1,1.38674963726998,3.9287317934775,1.39029350675251,3.93601131141908,0.48984905227758,0.972328022637982,0.0120000000000005
"QMC",70,2,1.25316591282467,3.66089047925193,1.25636689535006,3.66777328450631,0.459989117888623,0.950299935784298,0.0120000000000005
"QMC",70,3,1.82739875663282,5.25502779365391,1.83290339206303,5.26513456446079,0.434257513178528,0.840283360776616,0.0110000000000241
"QMC",70,4,1.49339647102336,4.32144614500059,1.4969261109097,4.32904866286526,0.560238121518469,1.13487845909115,0.0120000000000005
"QMC",70,5,1.8219191020201,4.58757541093934,1.82723237656798,4.59632284059512,0.505333946342736,1.06741732323992,0.0120000000000005
"QMC",70,6,1.49194733335781,4.02516499924207,1.49594523367432,4.03264202670789,0.480138306445103,0.976713519288756,0.0120000000000005
"QMC",70,7,1.4405657202287,3.96334397793646,1.44415550447123,3.97043849157753,0.512216299595311,1.07329475536621,0.0120000000000005
"QMC",70,8,1.87147586778181,5.75199078208278,1.87679048033069,5.76313237840967,0.554559166606582,1.13776390304251,0.0120000000000005
"QMC",70,9,1.50346952700021,3.82123405238123,1.50783306984006,3.82849434790964,0.422219974142145,0.91632784608915,0.0120000000000005
"QMC",70,10,1.26579466723216,3.72563978216639,1.26934715604161,3.73290262913447,0.403554883337547,0.855860813314667,0.0120000000000005
"QMC",70,11,1.30166962974382,3.56913594763253,1.30495951651747,3.57576257019481,0.486463102955452,1.00332045577239,0.0110000000000241
"QMC",70,12,1.67781596776138,5.29999519966625,1.68256580333255,5.3100960431267,0.475703326932528,0.983157104911486,0.0120000000000005
"QMC",70,13,1.79501356819545,6.29342775653029,1.80008733241444,6.30592213635392,0.563538509901145,1.18274766614832,0.0110000000000241
"QMC",70,14,1.33416895878462,3.51171267171824,1.33767886335953,3.51814215969637,0.46444385432653,1.06411802342982,0.0109999999999673
"QMC",70,15,1.63541167581674,4.2178727493674,1.63947461110535,4.22546542918608,0.607143266071413,1.25131172342375,0.0120000000000005
"QMC",70,16,1.09861598695623,2.85591997283864,1.10104550286792,2.86085022847965,0.470322045968589,0.931320019304211,0.0110000000000241
"QMC",70,17,1.3943567462389,3.99869336890361,1.39772164248623,4.00581016930734,0.524165316712013,1.1213956886127,0.0120000000000005
"QMC",70,18,1.73423128760697,4.8332348529502,1.73827675626525,4.84200896620819,0.752338251833424,1.66004049330355,0.0120000000000005
"QMC",70,19,1.50367929343954,5.41896408430441,1.50736215033137,5.42912502529828,0.571603065177031,1.21178051995924,0.0120000000000005
"QMC",70,20,1.24572697668546,3.17283482578838,1.24879754868779,3.17850971706085,0.468610934816982,0.972052636649037,0.0120000000000005
"QMC",70,21,1.17735778383385,2.91065506569079,1.18016811511732,2.91580586254973,0.480981111218534,1.01757449705439,0.0120000000000005
"QMC",70,22,1.48970871779224,4.00087634490196,1.49344207677834,4.00803622474012,0.524229619996315,1.08519650819913,0.0110000000000241
"QMC",70,23,1.74294796677533,4.67921097474236,1.74798782036168,4.68803353574915,0.467436085719523,0.989586324530914,0.0120000000000005
"QMC",70,24,1.59890577256331,4.00492659276452,1.60329085701423,4.01239384807183,0.512318387994485,1.09763358556013,0.0120000000000005
"QMC",70,25,1.48159520016702,3.99845406228455,1.48565951284873,4.00615609860341,0.495128450705495,1.0118610233346,0.0120000000000005
"QMC",70,26,1.23814246090008,2.92330482912695,1.24122175796132,2.92851624410036,0.475118309932067,0.994479792859288,0.0120000000000005
"QMC",70,27,1.22013846294427,3.11734092888196,1.22309864623797,3.12278534441468,0.454609322470208,0.965341345099663,0.0109999999999673
"QMC",70,28,1.42055619529482,3.91177214598517,1.42453451849912,3.91938201367283,0.454960320421824,0.91522389199176,0.0120000000000005
"QMC",70,29,1.67566455809447,4.46567423418675,1.68028411606071,4.47387804971865,0.481006697957358,0.988073178401407,0.0109999999999673
"QMC",70,30,1.38987250839551,3.86941388687673,1.393831722081,3.8768917517011,0.408812350577149,0.786655418840652,0.0120000000000005
"QMC",80,1,1.35816083323766,3.86452442243182,1.3616123086113,3.87165317671909,0.485378177585472,0.994391328643488,0.0110000000000241
"QMC",80,2,1.21200847185393,3.53576657191206,1.21467254095932,3.5421381920844,0.552429362510002,1.15594170118045,0.0120000000000005
"QMC",80,3,1.91448194651522,5.45137322168621,1.92030757427835,5.46184050996786,0.44134181960292,0.91182178330335,0.0110000000000241
"QMC",80,4,1.50668613324583,3.92320596949893,1.5104047093114,3.93008364068714,0.524403606769503,1.06013415482492,0.0120000000000005
"QMC",80,5,2.31705021986165,6.19390660876781,2.32413438592484,6.20595453004852,0.56312877205072,1.17361550478738,0.0109999999999673
"QMC",80,6,1.57772051026716,4.22658036217448,1.582146645639,4.23450821362958,0.458473299750845,0.949603409170641,0.0110000000000241
"QMC",80,7,1.36785675441382,3.95823912543996,1.37125594683083,3.96541038846781,0.489534992052702,0.992571284065791,0.0110000000000241
"QMC",80,8,1.36845777735977,3.89344672164986,1.3715276171402,3.90053335183991,0.608416611722128,1.21825433865226,0.0120000000000005
"QMC",80,9,1.34656376455062,3.24940986060364,1.35025186918171,3.25542662154057,0.433450526304161,0.932060374519235,0.0120000000000005
"QMC",80,10,1.27376941859454,4.49066527482965,1.27745815428253,4.49965294348694,0.37921337409711,0.75548976989702,0.0120000000000005
"QMC",80,11,1.42600311043707,3.95884266717367,1.42984642816661,3.96633151509767,0.474461695899838,0.98906996706984,0.0110000000000241
"QMC",80,12,1.80111109840387,6.11780408516044,1.80636312768253,6.12956352576902,0.473018162726917,1.00414045432398,0.0120000000000005
"QMC",80,13,1.54946007042309,4.20416394011594,1.55383769652793,4.21229274609047,0.487841070344983,1.04090275347705,0.0120000000000005
"QMC",80,14,1.24129630117702,2.97966862148081,1.24395169805989,2.98458734977165,0.583864289592488,1.27089854925849,0.0120000000000005
"QMC",80,15,1.34606521427997,3.43254935701298,1.34923007247883,3.43854786343938,0.545760114418037,1.1661593268035,0.0120000000000005
"QMC",80,16,1.10425181233618,2.81952521843263,1.10670332538587,2.82435260575333,0.470802157802816,0.953836339379203,0.0120000000000005
"QMC",80,17,1.30066475054764,3.27682427636153,1.30381135515896,3.28247337604279,0.487609480763027,1.07847731448147,0.0120000000000005
"QMC",80,18,1.89120342988904,6.0157332040991,1.89633850758201,6.02742361495542,0.645894690593709,1.43044309028198,0.0120000000000005
"QMC",80,19,1.30492471173677,3.96396158610727,1.30757612759373,3.97081260153836,0.619821910088122,1.29093550378167,0.0109999999999673
"QMC",80,20,1.44167660938379,3.66259314559794,1.44572243054649,3.66942156193172,0.418600343030418,0.868486940953653,0.0120000000000005
"QMC",80,21,1.44900680233527,4.63661911751521,1.45296718142882,4.64541127122766,0.447536471977807,0.928207097996797,0.0120000000000005
"QMC",80,22,1.60571493187739,4.41586054188475,1.60967082807234,4.4238281234833,0.583545754198972,1.14064967421754,0.0109999999999673
"QMC",80,23,1.63437579126489,4.56444566221136,1.6385994866686,4.5728226718887,0.566320049283896,1.21596068095516,0.0110000000000241
"QMC",80,24,1.52666224928875,4.00721991904278,1.53060879204451,4.01458740826892,0.549564038673796,1.19394016366652,0.0110000000000241
"QMC",80,25,1.54084741012761,4.2883729230119,1.54535350236517,4.29666717125534,0.425214073645954,0.872130242315904,0.0120000000000005
"QMC",80,26,1.40446386596304,3.67061329251148,1.40819926972404,3.67732968079283,0.459883574481386,0.996863941846603,0.0120000000000005
"QMC",80,27,1.35918020092405,3.80862788277934,1.3627718335428,3.81555369554062,0.431133563828347,0.928246357468046,0.0120000000000005
"QMC",80,28,1.277138245151,3.28884239292942,1.28053842894385,3.29509896939472,0.452558979632297,0.909273226098912,0.0110000000000241
"QMC",80,29,1.57458782569234,4.06614239306563,1.57895062667095,4.0735581024234,0.447277990220515,0.967774599183922,0.0110000000000241
"QMC",80,30,1.6249379979145,4.68893525786923,1.62968570222829,4.69802614713423,0.44948553822605,0.926490924582922,0.0110000000000241
"QMC",90,1,1.27877267944937,3.76629474316998,1.28198850649241,3.77323530872829,0.466263187192253,0.981658609684892,0.0120000000000005
"QMC",90,2,1.49838466901507,5.15760088942372,1.5017941290364,5.16732413791521,0.654969496238258,1.32906828871532,0.0120000000000005
"QMC",90,3,1.73812801769331,4.7032214953003,1.74339343874773,4.71221732938897,0.407768974689754,0.848584598986623,0.0120000000000005
"QMC",90,4,1.53706818572214,3.97726987624435,1.54088023865007,3.98424142476562,0.530940349610293,1.08134336922036,0.0120000000000005
"QMC",90,5,1.61383980494403,4.02545686117835,1.61835246160424,4.03292549939954,0.473673893454307,0.998974698410888,0.0110000000000241
"QMC",90,6,1.55840296228145,4.85011291216097,1.56250944742594,4.85901055762314,0.498215623672219,1.1047080605961,0.0120000000000005
"QMC",90,7,1.4353029373944,4.02414605195293,1.43910761566256,4.03152234781332,0.45303426103155,0.923472277000443,0.0120000000000005
"QMC",90,8,1.34695957145711,3.79877167288702,1.349860351912,3.80556204456064,0.629379006429127,1.28730272936013,0.0120000000000005
"QMC",90,9,1.52590428845982,4.40235461084528,1.53002922530748,4.41075771611076,0.505498035770145,1.02992690759384,0.0120000000000005
"QMC",90,10,1.24301709232227,4.9080726297993,1.24618157976203,4.91777520880104,0.476242411257181,0.9943162076259,0.0120000000000005
"QMC",90,11,1.44895322484219,3.92677494272197,1.45286413399226,3.93415816964598,0.481492073843175,1.03060696395641,0.0110000000000241
"QMC",90,12,1.9119535535149,5.99511092307413,1.9176571985419,6.00663898717267,0.470873028077877,0.992042753034629,0.0120000000000005
"QMC",90,13,1.62186158406785,4.08066317792123,1.62613899861016,4.08834507889002,0.585417852215271,1.20260205460672,0.0120000000000005
"QMC",90,14,1.26848221079504,3.35280844673541,1.27138798998022,3.35876462765506,0.534309278370477,1.06825615186323,0.0120000000000005
"QMC",90,15,1.99874174106186,5.44090888156758,2.00422927360058,5.45089339049021,0.582003992589615,1.2358227697987,0.0120000000000005
"QMC",90,16,1.43691942302812,3.70702190861056,1.44052655402077,3.71355527363617,0.484877316369488,0.972712655458403,0.0110000000000241
"QMC",90,17,1.57266509161929,4.53163081470971,1.5767772674263,4.53987387896952,0.511008572401167,1.10914748616801,0.0120000000000005
"QMC",90,18,1.82813663272742,5.30653719626584,1.83278782812906,5.31638113929031,0.677547170246614,1.51360042138796,0.0120000000000005
"QMC",90,19,1.37341983095696,4.5908802308983,1.37674759501516,4.59911550382823,0.495111970530201,1.04935516905333,0.0120000000000005
"QMC",90,20,1.4755274260553,4.23856061207823,1.47950890627715,4.24637932879358,0.447613097473885,0.915309929782553,0.0120000000000005
"QMC",90,21,1.41106918082759,4.15917923418839,1.41485922516243,4.16692470171987,0.453478191974121,1.00242963322028,0.0120000000000005
"QMC",90,22,1.50258107450235,4.25621240017836,1.5058418446323,4.26353904985196,0.660735290517125,1.41414628311261,0.0110000000000241
"QMC",90,23,1.37904632161615,3.57582587844844,1.38249024129267,3.58226251779114,0.508907041645162,1.07027334952083,0.0120000000000005
"QMC",90,24,1.37605211796659,3.46732497907723,1.37965183501083,3.47374453012401,0.485572114147569,0.999835584471945,0.0120000000000005
"QMC",90,25,1.48676685944003,3.96818271582768,1.49101964951573,3.97574890221562,0.434732914464625,0.936981095857039,0.0120000000000005
"QMC",90,26,1.45565909062827,3.80330797847131,1.45947988566195,3.81025042220133,0.49029864328827,1.05375521434196,0.0120000000000005
"QMC",90,27,1.65099204101612,5.23851249159284,1.65560484775296,5.24812384166989,0.433518582938479,0.916503689760823,0.0109999999999673
"QMC",90,28,1.24597231791843,3.29739990344488,1.24932434141239,3.30371672815838,0.43375650273782,0.877007414080486,0.0120000000000005
"QMC",90,29,1.07780261270631,3.18024662278194,1.08025590910968,3.18588473796131,0.444425480391194,0.920509100664233,0.0120000000000005
"QMC",90,30,1.73072415193214,6.47580888143769,1.73603214497366,6.48864970064922,0.417659373284716,0.868635952272334,0.0120000000000005
"K-medoids",50,1,1.12174890854648,2.77183731359699,1.12449120736275,2.7768773521041,0.455034504499455,0.940204217865221,6.78199999999998
"K-medoids",50,2,1.09553236168857,2.73808415663421,1.09792375305427,2.74278152425683,0.514131436390319,1.11254732931456,7.11899999999997
"K-medoids",50,3,0.889177764348668,2.29803581135673,0.891259916507796,2.30223131044077,0.382959832273049,0.767205360696259,6.64600000000002
"K-medoids",50,4,0.886779153698751,2.32850085201406,0.888688549349505,2.33258236826944,0.422562207016616,0.89257211977697,7.28499999999997
"K-medoids",50,5,1.09901952663182,2.76060185172019,1.10152432819709,2.76552984862677,0.490046035875681,1.00001364908906,6.60500000000002
"K-medoids",50,6,0.825196428854317,2.09895371302422,0.826821415086054,2.10258251621487,0.430125796636204,0.835959677918137,6.33600000000001
"K-medoids",50,7,0.918111296009748,2.3912163321549,0.920070713181196,2.39541063798824,0.441732994714701,0.914794445206064,6.65899999999999
"K-medoids",50,8,1.02259854944728,2.43454571898065,1.02481418671123,2.43881698720104,0.483927391785557,0.930758985961186,6.709
"K-medoids",50,9,0.99883426250332,2.64156388344274,1.00120852910051,2.64643820663894,0.421596752864587,0.843370488860299,6.83800000000002
"K-medoids",50,10,1.02531406975478,2.73339567404694,1.02756938638915,2.73812028595867,0.465525686797483,1.027166266363,7.52500000000003
"K-medoids",50,11,0.729755596868916,1.78899111673849,0.731024559095701,1.79186912663397,0.421242392630162,0.833624460933639,7.17700000000002
"K-medoids",50,12,0.962229340173908,2.45122450995398,0.964483732493427,2.45562805088653,0.414135958491038,0.869037937016995,6.65799999999996
"K-medoids",50,13,0.956500329524046,2.44471905914925,0.958173698165158,2.44866513045514,0.549666847451149,1.13227364088877,6.935
"K-medoids",50,14,0.915705322786106,2.21165824707173,0.917694498280278,2.21547410038722,0.432092105192454,0.88560416552128,6.74099999999999
"K-medoids",50,15,0.98530128627003,2.41619551128101,0.986993253452819,2.41993908470608,0.57394608119708,1.1985026560907,6.45799999999997
"K-medoids",50,16,0.880158687965954,2.06190912615385,0.88201498668323,2.06533494314467,0.42885079778505,0.902173199302373,6.56700000000001
"K-medoids",50,17,0.933468226380118,2.39370182277537,0.935342697180277,2.39783873942957,0.477742294904651,0.954246114797688,6.89600000000002
"K-medoids",50,18,1.01645734953142,2.53596040534366,1.01856143735456,2.54024668659241,0.504906365100792,1.06828108050437,6.43299999999999
"K-medoids",50,19,0.818626600584157,2.04587799081104,0.820211999652564,2.04927384402568,0.433180496463109,0.897009488963524,6.37199999999996
"K-medoids",50,20,0.83734060438169,2.04376334860488,0.838793251977987,2.04691157965495,0.48416936326513,1.02271352389231,6.46800000000002
"K-medoids",50,21,0.746279715736549,1.94139614847472,0.747707915423779,1.94471228041592,0.399052310145131,0.797456512856408,6.28399999999999
"K-medoids",50,22,0.909060751308878,2.26971099443887,0.910789561513789,2.27339258841371,0.488748180470172,1.04170786617833,6.68200000000002
"K-medoids",50,23,1.0978840319898,2.62775277131275,1.10080250675643,2.63265304140517,0.388337299441017,0.798760136153313,6.95799999999997
"K-medoids",50,24,0.930442223899866,2.42029254974035,0.932579358716444,2.42463147631259,0.410856773494326,0.864263802314747,6.654
"K-medoids",50,25,0.821109171467165,2.0424866841263,0.822614654800047,2.04577626796762,0.45509237667912,0.949776250959977,6.24899999999991
"K-medoids",50,26,0.951615194458579,2.39479172286521,0.953840892933607,2.39906150488802,0.410497930519898,0.870990757023611,6.47400000000005
"K-medoids",50,27,1.10887602180962,3.19689799381354,1.11154013691215,3.20288059548374,0.461169833719636,0.95480275558628,6.99400000000003
"K-medoids",50,28,0.897984299655905,2.22057903000238,0.899167747346145,2.2236206891851,0.610261598965839,1.28238253251017,7.52200000000005
"K-medoids",50,29,0.981325259602061,2.4472907941095,0.983647898144052,2.45169011853348,0.416639689178569,0.865682987310883,6.51199999999994
"K-medoids",50,30,0.85943967875053,2.17488401145562,0.861290507075595,2.17871086119131,0.409461763719998,0.824357884851205,6.24799999999993
"K-medoids",60,1,1.02677845849009,2.44984057989755,1.02897456975402,2.45395418511723,0.493302695745488,1.04952492970995,7.31100000000004
"K-medoids",60,2,0.8606254914979,2.04165478431829,0.86213321035528,2.04482702693889,0.494372888244886,1.00961761462518,7.44399999999996
"K-medoids",60,3,1.01326969093462,2.47738248970301,1.01541137386117,2.4815813957314,0.49301557104278,1.03890495176992,7.28100000000006
"K-medoids",60,4,1.01537024547347,2.7108408966632,1.01746034192739,2.71550440176654,0.497026324902283,1.03577154676337,6.96900000000005
"K-medoids",60,5,1.11274953761116,3.11290043504651,1.11514423901073,3.11845659483234,0.531032583345056,1.13125086093809,7.86099999999999
"K-medoids",60,6,0.825727488357037,2.05654388584431,0.826842224143261,2.05940981152884,0.554937691144296,1.1678627753788,7.36500000000001
"K-medoids",60,7,0.808359696768532,2.04839263279478,0.809996392718988,2.05193081087283,0.410776188640388,0.819592441016397,7.15899999999999
"K-medoids",60,8,1.21844337298478,3.20717701855291,1.22122907760346,3.21288469409938,0.541744555103701,1.17667915706551,7.21699999999998
"K-medoids",60,9,0.744612533556299,1.85027204289689,0.745574956954372,1.85275155937813,0.51082221299966,1.09229167497303,7.18799999999999
"K-medoids",60,10,0.725713130918684,1.8380736033723,0.727101083667395,1.841200625666,0.388553915247013,0.764000551204107,8.38099999999997
"K-medoids",60,11,0.983646230064746,2.64857630587988,0.98535401703097,2.65291356568579,0.568793408453266,1.19553600698098,7.32900000000006
"K-medoids",60,12,1.11088533192873,2.78642466653391,1.11315140653535,2.79106174535951,0.548898829488222,1.16192851560437,7.03800000000001
"K-medoids",60,13,1.05916264405809,2.97654494253767,1.06113239653976,2.98164940387473,0.58067358713348,1.21319947165301,7.5
"K-medoids",60,14,0.959361418977558,2.47190261650918,0.960991706076671,2.4757580585214,0.563334738554441,1.21512672062086,7.78999999999996
"K-medoids",60,15,0.961665757353668,2.57216953908071,0.963935281222747,2.57686369709889,0.410356724422661,0.862918273277756,7.05400000000009
"K-medoids",60,16,1.00990412669749,2.91765504581798,1.01233693448903,2.92310447245508,0.418930429908181,0.883692901153575,8.36400000000003
"K-medoids",60,17,0.892925306129685,2.26254509018155,0.894837411677066,2.26653090082398,0.428439748365162,0.856702033746537,7.72199999999998
"K-medoids",60,18,0.936599149608884,2.66988985957192,0.938723721153098,2.67479262635837,0.420501698776548,0.873466725633144,6.80600000000004
"K-medoids",60,19,0.92667471740146,2.4055936049403,0.928571507979156,2.40978206013262,0.465909447068176,0.942052883078724,7.12400000000002
"K-medoids",60,20,0.896080320640574,2.38524238485737,0.897722840304557,2.3892769262866,0.497082125530622,1.00501030063206,7.33100000000002
"K-medoids",60,21,0.89732357747876,2.16538322120695,0.899231034547185,2.16905740294137,0.433967220632774,0.905694514054913,7.12199999999996
"K-medoids",60,22,0.985813170090998,2.51994882441589,0.98759552492446,2.52396935106921,0.552846443913134,1.19329380706892,7.11400000000003
"K-medoids",60,23,0.789192916849264,2.19432133005421,0.790541482283252,2.19804426196857,0.46160160336374,0.91800263152031,7.17700000000002
"K-medoids",60,24,0.749713947199664,1.83920191211826,0.75098624891263,1.84200340591879,0.440648492313426,0.936737523906601,7.09299999999996
"K-medoids",60,25,0.802559870629728,1.96830634307921,0.804254534898352,1.97169952576241,0.39089479329396,0.791590434836723,7.36500000000001
"K-medoids",60,26,1.05416482902019,2.55536945314312,1.05643918413959,2.55972170839394,0.501682196648916,1.05925447748487,7.072
"K-medoids",60,27,0.95198588205275,2.41857013842529,0.953385359417379,2.42218600744687,0.612027125497834,1.26394228863844,7.22000000000003
"K-medoids",60,28,0.945858820999742,2.68846789403803,0.947911261004565,2.69324503612962,0.447283445950649,0.991272383723418,7.27300000000002
"K-medoids",60,29,1.00057650465407,2.92262136810141,1.00271016606967,2.92790558439513,0.482270957105375,1.01576821082409,7.26800000000003
"K-medoids",60,30,1.2336601980906,3.16180679841809,1.23674182642461,3.16760470743549,0.485076074423112,1.04046210208711,7.14100000000008
"K-medoids",70,1,1.0227738327271,2.90488394053623,1.02524612256033,2.91027393346426,0.422713771775854,0.911480501171765,7.81500000000005
"K-medoids",70,2,0.774764415263335,1.95990454210741,0.776132904478355,1.96310640402179,0.442612532931938,0.890228282423563,7.80499999999995
"K-medoids",70,3,0.771319887495526,1.8524786092948,0.772578953208353,1.85524311590745,0.465726652339556,0.971519643231664,8.80200000000002
"K-medoids",70,4,0.793302126543099,2.02424045605251,0.794739073979731,2.02756568565203,0.444534455852075,0.909623425967863,7.81600000000003
"K-medoids",70,5,0.830318131381558,1.96742263701554,0.831945382542913,1.97072298744053,0.435361028075693,0.846245244259757,8.07299999999998
"K-medoids",70,6,1.02507770523189,2.81241753635772,1.02752527903624,2.81764038440909,0.431016577574688,0.879030209118367,7.56900000000007
"K-medoids",70,7,0.97622414996992,2.63755493961477,0.978378371964258,2.64221735362173,0.442425891622768,0.92570858746864,7.63599999999997
"K-medoids",70,8,0.929170678900126,2.89727901803555,0.931194769833074,2.90268346454798,0.437894893888836,0.886681423414746,7.44899999999996
"K-medoids",70,9,0.923984336123,2.30061737741451,0.926149949292729,2.30475379272354,0.398359082498687,0.818045987912244,7.53099999999995
"K-medoids",70,10,0.611806121979866,1.5385733689595,0.612683382780049,1.54087130607235,0.39888239347786,0.806022252633963,7.93399999999997
"K-medoids",70,11,0.883380253120397,2.55295775086163,0.885433509829133,2.55763988830315,0.374600351168114,0.767010618256506,8.41300000000001
"K-medoids",70,12,1.15725230618023,3.06899145721914,1.15962253967998,3.07425580202894,0.581962775313588,1.25271180253627,7.952
"K-medoids",70,13,0.967884802406545,2.70642611623973,0.970234725424235,2.71149273659609,0.397524915684812,0.813698108590112,7.62199999999996
"K-medoids",70,14,0.838140921472081,2.29316946019167,0.839942584144819,2.29727961702357,0.400851652760293,0.824149700004609,7.86800000000005
"K-medoids",70,15,0.839300113277028,2.45755738131746,0.841034654871477,2.46199975392925,0.41830208913793,0.857430754183803,8.73799999999994
"K-medoids",70,16,0.882140013750203,2.37454422961947,0.883801493446834,2.37857274767053,0.478875155953669,0.995471193912622,8.36900000000003
"K-medoids",70,17,0.81623159588977,2.11181708472335,0.817897418417361,2.11549573584151,0.411912670978915,0.827869489907146,8.06100000000004
"K-medoids",70,18,0.780320981834321,1.82503639012108,0.781828761141559,1.82794677623447,0.414361404263465,0.866209381865961,8.26499999999999
"K-medoids",70,19,0.906970357242311,2.2384571055083,0.908911876885447,2.24234311187216,0.435735803858085,0.885690452109033,8.00400000000002
"K-medoids",70,20,0.800886951065821,2.08141043752977,0.80255444383268,2.08505530114512,0.396162635224079,0.80396633966766,7.85900000000004
"K-medoids",70,21,1.11298205890069,2.82219537935402,1.11577702742082,2.8273638895247,0.434603270941767,0.936790828874255,9.14700000000005
"K-medoids",70,22,0.808209377301493,2.05663706444861,0.809963037455711,2.06023267117224,0.382571005584976,0.798086917540355,9.01599999999996
"K-medoids",70,23,1.00356519289032,2.56576360038435,1.00529731780569,2.56984656042895,0.583153731288762,1.22220723093454,7.66500000000008
"K-medoids",70,24,1.03607423700883,2.57357472221679,1.03819044420687,2.57794001608498,0.522440518512848,1.07942492250465,8.42700000000002
"K-medoids",70,25,0.773570611064793,1.90448335848332,0.774593803236539,1.90709630942983,0.525227253950976,1.09988683302299,8.178
"K-medoids",70,26,0.911154386263966,2.27006308486562,0.913054162967066,2.27400073240825,0.450051440754701,0.900177034685008,8.16599999999994
"K-medoids",70,27,1.0605741395608,2.77615068453148,1.06305780028795,2.78112723567973,0.457754200215668,0.997239916325227,7.9380000000001
"K-medoids",70,28,0.942516082639726,2.25722973580736,0.944697435050765,2.26121143404365,0.413070690303278,0.853461517098832,8.12900000000002
"K-medoids",70,29,0.792479928198553,2.09297280153339,0.794112443154776,2.09661307104914,0.396245226680715,0.823920965950661,8.05600000000004
"K-medoids",70,30,0.887443447002165,2.13358246120627,0.889275010741325,2.13716073757512,0.442896762311507,0.918171446741332,9.18899999999985
"K-medoids",80,1,0.908391614001369,2.36461018740435,0.910323028156671,2.36882821322247,0.440003973033008,0.865724841309212,8.77999999999997
"K-medoids",80,2,0.990618135751845,2.49776875170651,0.992744664475351,2.50210294958834,0.474913221029208,0.991739646211526,8.70999999999981
"K-medoids",80,3,0.873036143071056,2.65541941958152,0.874645063034484,2.6601357038308,0.482856634389117,0.98569862104852,9.60100000000011
"K-medoids",80,4,0.886779452242393,2.40376120046636,0.888598965429789,2.40790487656413,0.445528937837413,0.971031886414392,9.19599999999991
"K-medoids",80,5,0.926580673629831,2.55239735376097,0.928703211426534,2.55710247664855,0.411843599380458,0.827397711131714,8.8889999999999
"K-medoids",80,6,0.874839329294341,2.18265209958462,0.876507504809635,2.18624833296445,0.470289744637008,0.976601436159353,8.90899999999988
"K-medoids",80,7,1.02239306266508,3.44251954958838,1.02465125277151,3.4490297748141,0.474758919101555,0.985185267142133,8.75299999999993
"K-medoids",80,8,0.891940739948229,2.39187086874437,0.893852953156523,2.3961528779798,0.428209524557443,0.865456112994489,8.50999999999999
"K-medoids",80,9,0.680249711333433,1.60730087932307,0.681420424841989,1.60975950298,0.396339739452433,0.815641938818551,8.5
"K-medoids",80,10,0.837562663519095,2.31728466697143,0.839244034307834,2.32137945079323,0.429813090404863,0.873779241543289,9.17599999999993
"K-medoids",80,11,0.89565300142389,2.13836631977229,0.897428044847713,2.14185012915148,0.465186858458749,0.977972261336122,8.72799999999984
"K-medoids",80,12,1.08627008341198,2.82896181726759,1.08839738456646,2.83382838107073,0.570377846294029,1.14884671676853,8.00600000000009
"K-medoids",80,13,1.05969175330164,2.65633841348922,1.06193180080225,2.66085345396002,0.516457376774844,1.11090490122851,9.23599999999988
"K-medoids",80,14,0.868515556143798,2.1898574422763,0.870351779151857,2.19368164076171,0.423212739719787,0.854488213507051,9.44799999999987
"K-medoids",80,15,1.04895837729954,2.97595005631936,1.05150437853828,2.98152719048353,0.431527097301558,0.893711140833867,8.8889999999999
"K-medoids",80,16,0.721389424812194,1.78969491231862,0.722694904282893,1.79252158347821,0.404797331948525,0.864529150242402,9.05799999999999
"K-medoids",80,17,0.846480674142698,2.1783621979338,0.8478157350529,2.18173499104178,0.522714780348165,1.08580760865502,8.43999999999983
"K-medoids",80,18,0.813047600925336,2.16720507184003,0.814731327549533,2.17093781593336,0.404726713673454,0.877363725096936,8.61099999999988
"K-medoids",80,19,0.906753162108168,2.30094644871829,0.908640144862919,2.30493322155418,0.449140589154793,0.917190093384942,8.67100000000005
"K-medoids",80,20,0.833542037262691,2.21676784829428,0.834619674037727,2.2198732630321,0.572204123022679,1.25413257360707,8.42800000000011
"K-medoids",80,21,0.767336970206034,1.82572204320408,0.768785382552095,1.82865798605335,0.416082196568374,0.855193926513937,8.75500000000011
"K-medoids",80,22,0.774091283916306,1.87303401849173,0.775433182175093,1.87591641136266,0.44866726332152,0.942180333837464,8.17000000000007
"K-medoids",80,23,0.912320606682865,2.4567301333064,0.914068110446272,2.46102371108553,0.488533112385993,0.956545097482139,8.5150000000001
"K-medoids",80,24,0.907902177482293,2.18192176843198,0.908263607481165,2.18384115526076,0.820251714694302,1.65186169007381,8.42599999999993
"K-medoids",80,25,1.16757489214417,3.06532422304253,1.17035448680731,3.07099609435257,0.493494823120566,0.977642981642013,8.84699999999998
"K-medoids",80,26,0.862084027085568,2.42330633212317,0.86408334654365,2.4277963158001,0.377228657281011,0.768250403273535,8.7800000000002
"K-medoids",80,27,0.96457219238131,2.71604287706172,0.966447097741683,2.72069425789073,0.509888510802806,1.1154414628107,8.91300000000001
"K-medoids",80,28,1.00372242211484,3.01939801221475,1.00594513832061,3.02496928475451,0.464691061439759,0.974821769185364,8.63200000000006
"K-medoids",80,29,1.10553854513111,2.85719668576244,1.10832862396058,2.86256732460144,0.42891595879293,0.844957785169708,8.6110000000001
"K-medoids",80,30,0.719025911385507,1.79879600461381,0.720297823728006,1.80163851758551,0.410574189631797,0.868187358949684,8.32600000000002
"K-medoids",90,1,0.786659977530437,2.70144567055359,0.788238330239975,2.70646907029441,0.404215452625268,0.845749440259554,9.1210000000001
"K-medoids",90,2,0.832748905283731,2.0062923058843,0.834398304599946,2.0096343087738,0.433089352601722,0.879295509795286,10.1790000000001
"K-medoids",90,3,0.842202868515567,2.14498419813214,0.843630915708052,2.14831392739862,0.496178290630354,1.06633254160665,9.14200000000005
"K-medoids",90,4,0.903633523776552,2.46214039584497,0.905511690498426,2.46656363129946,0.448542228086344,0.882985592595242,9.11400000000003
"K-medoids",90,5,0.823638398055334,2.26694696846461,0.8250599775885,2.27083971893502,0.479180973620788,0.926735680344365,9.50799999999981
"K-medoids",90,6,0.931556355481097,2.29956637572411,0.93356193026803,2.30360436538471,0.44559330557785,0.885509418620719,9.10400000000004
"K-medoids",90,7,0.917905281807152,2.44207463278155,0.918899331752518,2.44537695685292,0.677040894024832,1.43280146761158,8.84400000000005
"K-medoids",90,8,0.891222031588462,2.34423258535692,0.892298170948435,2.34749271029856,0.630466876059171,1.33761216568408,9.06099999999992
"K-medoids",90,9,1.1276990420563,3.37531201710964,1.12805695727462,3.37992186583466,1.04097399333939,1.9614208240412,7.88400000000001
"K-medoids",90,10,0.87739205549717,2.12582185336192,0.87888678095304,2.12908434437011,0.515210926159648,1.07495280264375,9.11999999999989
"K-medoids",90,11,0.984708911729333,2.41142668291164,0.986936347530607,2.41560815242793,0.444987579718636,0.961378114415528,9.69700000000012
"K-medoids",90,12,0.892545645448799,2.36246863972191,0.894523805049884,2.36664769322222,0.41322546292448,0.89022828837229,9.86900000000014
"K-medoids",90,13,0.91057027287794,2.40635184630335,0.912547226426474,2.41066878125267,0.431542324270673,0.867081545660967,8.76800000000003
"K-medoids",90,14,0.914119825697696,2.20384914571486,0.915724813670304,2.20721691119477,0.517085925973998,1.08723850996177,8.69900000000007
"K-medoids",90,15,0.87299578399763,2.48654417255137,0.874920517300806,2.49105523567526,0.406621120556681,0.861449943124861,8.87099999999987
"K-medoids",90,16,1.14953853962023,2.78962223570863,1.15221038722912,2.79458133876287,0.502133505734227,1.03532398623494,9.12300000000005
"K-medoids",90,17,0.796819124204497,1.97907679869137,0.798044953360532,1.98209827048885,0.499793214620526,1.00830802110643,9.05099999999993
"K-medoids",90,18,0.800793696325988,1.97226307985934,0.802172235159395,1.975342113002,0.459777652412108,0.939694747989584,9.06499999999983
"K-medoids",90,19,0.825083105212836,2.05287062630639,0.826729668810059,2.05627248231545,0.41776443534978,0.869651445355658,9.18900000000008
"K-medoids",90,20,0.914182152691638,2.38188405094286,0.916031735306335,2.385902262445,0.466016961175504,1.01551823501968,9.07099999999991
"K-medoids",90,21,1.06901694386857,3.17366374904019,1.07165266926279,3.17968810697349,0.430364543754185,0.893256574233191,8.66399999999999
"K-medoids",90,22,0.835406476481258,2.19007110904388,0.837128089944519,2.19383015696662,0.418248993843149,0.896313228310347,9.06499999999983
"K-medoids",90,23,0.843624647176438,2.12269974076072,0.845007536268212,2.12598031203976,0.508542153571677,1.06234070245133,9.7639999999999
"K-medoids",90,24,0.837885873277044,2.01945592539271,0.838970346277696,2.02214494486464,0.569614364740782,1.17887434727273,9.0909999999999
"K-medoids",90,25,0.942038478961227,2.25528432897818,0.94422301669752,2.25928292176449,0.41271161073642,0.843929870070284,8.98900000000003
"K-medoids",90,26,1.12421041321004,2.78477684098191,1.12545804356224,2.78855691749573,0.821901940320237,1.62793328902059,9.106
"K-medoids",90,27,0.875219463245933,2.37367974484841,0.877089890327578,2.37792860446884,0.42200352976862,0.861659662128768,9.55299999999988
"K-medoids",90,28,0.859306752247527,2.33595954572325,0.860902206671003,2.33994654303097,0.472718377351181,0.96924525542147,11.1410000000001
"K-medoids",90,29,0.908606629896182,3.05467679617999,0.910487346930444,3.06030236747534,0.452897377900242,0.997827057320071,9.77299999999991
"K-medoids",90,30,0.849535951665901,2.10962005335548,0.850896441178425,2.1127666312901,0.519881013253703,1.10959495423239,9.55799999999999
"SP",50,1,0.816740926938799,2.01419141914721,0.818385096214221,2.01756445507898,0.417006466161328,0.866419241374609,1.00999999999999
"SP",50,2,0.812684050527143,1.94671281237524,0.813922502127282,1.94938617149963,0.505290042942601,1.09746719484773,0.997000000000071
"SP",50,3,0.962086302417792,2.35152445258401,0.963537690795123,2.35489821724724,0.609221205700598,1.29200653088148,0.977000000000089
"SP",50,4,0.94349309206588,2.27555786992917,0.945523179434203,2.27947945555921,0.449933279436049,0.913933733667807,0.972999999999956
"SP",50,5,0.816251252710524,2.13061001563104,0.817706372554592,2.13419647314261,0.462478952661769,0.90598461833023,0.969000000000051
"SP",50,6,0.744757726133579,1.75875349523543,0.745960551257967,1.76125610821231,0.45232393619805,0.975445693360394,0.969000000000051
"SP",50,7,0.926865570619909,2.39242739504074,0.928967857041974,2.39667232328689,0.415752547231021,0.883843342349334,0.991000000000213
"SP",50,8,0.781073270257584,1.88946295669654,0.782531596254011,1.89247250739659,0.426521482595889,0.896029248533121,0.975999999999885
"SP",50,9,0.74683626762127,1.79489902244967,0.748016478048642,1.79754666974714,0.453898204460509,0.927804779260448,0.964999999999918
"SP",50,10,0.80242187081718,1.98864368951756,0.80342288292186,1.99134456452782,0.559053356469072,1.15813251235539,0.970000000000027
"SP",50,11,1.04528937161926,2.55590681496609,1.0478192738794,2.56056750449058,0.430213338455112,0.857373439051928,0.971000000000004
"SP",50,12,1.25493275476037,3.16105236690998,1.25691122171191,3.16593972676859,0.773923024275873,1.57300663635954,0.977999999999838
"SP",50,13,0.799581826473507,1.85689737674268,0.801012952131512,1.85986834719377,0.451643051701615,0.873734662304614,0.972999999999956
"SP",50,14,0.897521889163867,2.59909188302263,0.899132445657528,2.6035129285469,0.505959450204993,1.07853171628303,0.969000000000051
"SP",50,15,1.01594301183978,2.61450979218106,1.01834705204169,2.61917206197742,0.419240200056598,0.88270629956729,0.97199999999998
"SP",50,16,0.94618388451343,2.41621205295437,0.947298076135987,2.41955651069109,0.675298888605114,1.38059971870291,0.971000000000004
"SP",50,17,0.686393157242368,1.63841769322044,0.687480320809168,1.64079353189586,0.42207928844043,0.888974396221803,0.989000000000033
"SP",50,18,0.848125641381569,2.01094189893686,0.8497633566194,2.01419400944938,0.44996030202906,0.928099697233557,0.968000000000075
"SP",50,19,0.722532433965739,1.7677648294096,0.72362431572606,1.77032854968255,0.457071466400402,0.959013106037791,0.98700000000008
"SP",50,20,1.15788539787047,3.73501917223788,1.15978802864889,3.74159435447864,0.695313143516946,1.41366373944847,0.977000000000089
"SP",50,21,0.823636867218379,1.94553844486578,0.825237863685463,1.94868634902973,0.434398685333137,0.897088454837323,0.979999999999791
"SP",50,22,0.706075994114701,1.67224098244393,0.707112872308648,1.67467590839448,0.453987628308658,0.902809377238273,0.978000000000065
"SP",50,23,0.729740744391137,1.89615014333118,0.730835629047885,1.89900347983053,0.463549705292259,0.981146649818961,0.976999999999862
"SP",50,24,0.857769093848218,2.16574177648079,0.859565334358623,2.16958322006836,0.421062702002293,0.800936284230325,0.978000000000065
"SP",50,25,0.829472591702793,2.07598484773674,0.831264217641285,2.07968280899148,0.393888105881146,0.75731720165084,0.976999999999862
"SP",50,26,0.892385641165678,2.34386096427014,0.894091782401093,2.34782555645161,0.477584405706458,0.985624184886068,1.01700000000005
"SP",50,27,0.93117299484333,2.3362528169614,0.933032898432949,2.34025262937315,0.478988679269017,0.954168055753827,0.975999999999885
"SP",50,28,0.847201257862005,2.08605212156339,0.847562695440497,2.08802249687075,0.759327668626026,1.5336409091231,0.986000000000104
"SP",50,29,0.912099454598081,2.34592774128422,0.913348170013359,2.34936871968654,0.608508704756897,1.255145449056,0.978000000000065
"SP",50,30,0.814438342411253,2.0027389451834,0.814479382604216,2.00429819285709,0.804460550191705,1.5785889696832,1.00499999999988
"SP",60,1,0.810379065810434,1.98544734535653,0.812033528248562,1.98884794524856,0.408479751503703,0.811764934226035,1.16200000000003
"SP",60,2,0.856032821960203,2.00653125013274,0.85551328635705,2.00693280128886,0.982237562456874,1.90648307448345,1.17399999999998
"SP",60,3,1.02390297907874,2.68844497490073,1.02531325431723,2.69249934762578,0.681321220635095,1.38857600192622,1.17399999999998
"SP",60,4,0.739390035894308,1.98957085914364,0.739986788461859,1.99203865250196,0.594427876474651,1.25360578265896,1.1579999999999
"SP",60,5,0.96731314013881,2.34460013554949,0.968746116716306,2.34796943179632,0.619216809487067,1.28703178007086,1.16100000000006
"SP",60,6,0.65339430739464,1.57765798044253,0.654389635937785,1.57993710080255,0.411610722720146,0.860716643805111,1.19299999999998
"SP",60,7,0.931667875723936,2.67335591113578,0.933713219951482,2.67817450848128,0.43481619530655,0.939535737250787,1.16500000000019
"SP",60,8,0.773967364984515,1.95483934107158,0.775542466724759,1.95820069016299,0.391346221838885,0.791371491645731,1.15599999999995
"SP",60,9,1.00411248291969,2.62590758797738,1.00630865309787,2.63045019856293,0.459462278731375,0.986787313960422,1.15900000000011
"SP",60,10,0.843805661684646,2.12972946840914,0.845289049439599,2.13318952708662,0.483463530109183,0.976070627436685,1.16100000000006
"SP",60,11,0.971690214391468,2.64177818161431,0.974017049026151,2.64661188221132,0.406459343848209,0.877150273529936,1.16000000000008
"SP",60,12,0.783219823564577,1.91609526914942,0.784550740170334,1.9190350945386,0.459915734619266,0.965717530588731,1.16000000000008
"SP",60,13,0.744102674451768,1.76060785859933,0.745165714402635,1.76300846803166,0.485870745162645,1.02222095798414,1.15800000000013
"SP",60,14,0.870732517139303,2.24712131691768,0.872588161075574,2.25095794852932,0.419962521763051,0.925957354638439,1.15699999999993
"SP",60,15,0.814228191273333,2.30384577175108,0.815507895507821,2.30757053177376,0.503364527945084,1.06547531952521,1.16100000000006
"SP",60,16,0.813594912108789,2.09731162962972,0.814926938754227,2.10050317316285,0.490021174136287,1.06967992174748,1.16599999999994
"SP",60,17,0.714760972720367,1.61451774295257,0.714859337272117,1.61531125234606,0.690866416404336,1.40857805760117,1.1579999999999
"SP",60,18,0.80758016830389,1.91566820426919,0.809152115992096,1.91881823409733,0.42572520233007,0.857691816134646,1.15900000000011
"SP",60,19,0.709588062057628,1.71612352605345,0.710499968699437,1.7184903250305,0.488069189456447,0.98508207695385,1.1579999999999
"SP",60,20,0.767816881385099,2.01704097399489,0.768827020556657,2.0199110202966,0.522435523036997,1.11979640777209,1.16399999999999
"SP",60,21,0.734089870169569,1.79080754012127,0.735335736049889,1.79360097176744,0.431446164588959,0.880169629054653,1.24000000000001
"SP",60,22,0.69783380285419,1.78225208369803,0.69880485383749,1.7849031262674,0.46194768338052,0.937667930373997,1.16000000000008
"SP",60,23,0.757770591164759,2.00397557116078,0.758822936510911,2.00694433473348,0.502136577792265,1.05989349058295,1.16499999999996
"SP",60,24,0.850276322285192,2.14586531650127,0.852086582109556,2.14953782144821,0.401331885843189,0.83220515307866,1.15900000000011
"SP",60,25,0.774520947595482,1.829210788716,0.775871346346676,1.83191010275885,0.446484287687983,0.972300206722179,1.15499999999997
"SP",60,26,0.781350128002143,1.93088045297493,0.782164957028114,1.9333212123874,0.583413191346815,1.19883014168731,1.154
"SP",60,27,1.04746180197274,2.63550121455179,1.04983655186272,2.64016460783245,0.470591435841083,0.984614856012773,1.14900000000011
"SP",60,28,0.898127779248311,2.15358021198373,0.898878094077627,2.15588141290704,0.715862525914772,1.49295062452941,1.1579999999999
"SP",60,29,0.870451871845367,2.09467370748812,0.871871266560992,2.09780373418957,0.525654824904919,1.09542026212971,1.15899999999988
"SP",60,30,0.809655263025343,2.18454246587078,0.810917220437026,2.18797769133552,0.503102628917648,1.05992827911086,1.15100000000007
"SP",70,1,0.793506121583579,1.98443003735693,0.795142272991409,1.98785725945171,0.396388801311799,0.796035137342267,1.33799999999997
"SP",70,2,0.848310574639854,2.02072114687503,0.84944908667789,2.02349636059932,0.571977438550587,1.16584462084128,1.34099999999989
"SP",70,3,0.960918120410257,2.9162520545016,0.96306100975016,2.92168182954892,0.440808264910425,0.90044797119535,1.33199999999988
"SP",70,4,0.969879700836083,2.4366768942535,0.971366031197955,2.4402866669473,0.609126088719082,1.29014528100092,1.33299999999986
"SP",70,5,1.08087073185715,2.85538552475141,1.08373186409975,2.86079872309064,0.38643306326034,0.80184625108387,1.33799999999997
"SP",70,6,0.904506177275131,2.22921432139334,0.906023842564934,2.23264231008981,0.536147130507042,1.12117544584094,1.34300000000007
"SP",70,7,0.800974066295666,2.0908258993015,0.802333946938251,2.09414141274337,0.470911607473947,1.00190602375259,1.35300000000007
"SP",70,8,0.797554669333146,2.26594432264275,0.798620371946746,2.26945593855146,0.53889342068943,1.12645207815577,1.3420000000001
"SP",70,9,0.736620061939895,1.77135990770748,0.737904914363561,1.77410729251475,0.418244338459163,0.850903104648549,1.33899999999994
"SP",70,10,0.881728302500549,2.09041242384466,0.883552731703968,2.09385396662747,0.438913271556504,0.935231444878034,1.34500000000003
"SP",70,11,0.921840579690177,2.74240716941673,0.92376891936133,2.74736260882297,0.453804993791076,0.958093886549621,1.34400000000005
"SP",70,12,0.865003065996859,2.11738907484175,0.866484593744239,2.12070305207767,0.505415117025669,1.03654653163344,1.34400000000005
"SP",70,13,0.772167498482006,1.88280236801312,0.773602692741424,1.88585186750089,0.423825348946026,0.869222989213797,1.34400000000005
"SP",70,14,0.72927918337785,1.82562393633135,0.730077306613127,1.82796534622797,0.535563272415719,1.12097780473858,1.3420000000001
"SP",70,15,0.836008993982753,2.07848502686986,0.836373860777531,2.08056365484145,0.747450610507255,1.49057274662385,1.35200000000009
"SP",70,16,0.982333467905079,2.70931795761589,0.984460538215048,2.71421322001777,0.466063116956878,0.946802297642277,1.34400000000005
"SP",70,17,0.75438209761325,1.76190388437728,0.755488486556045,1.76429863445634,0.485845695640636,1.02700299519276,1.38200000000006
"SP",70,18,0.819987942090196,2.10514171418793,0.821445995830865,2.10848459807832,0.466097469890589,1.00639449367362,1.3420000000001
"SP",70,19,0.814363987440628,2.04466920853299,0.81563520153498,2.04754197551807,0.499367728310819,1.12589563218253,1.34400000000005
"SP",70,20,0.75545256007665,1.7896046824929,0.756630343704057,1.79228244125442,0.469587648224654,0.93525821480858,1.34099999999989
"SP",70,21,0.73136768591754,1.83824363184794,0.732278447301562,1.84069472379131,0.510312887138118,1.09109299643868,1.34300000000007
"SP",70,22,0.817702689377525,1.94944161123642,0.818990615050343,1.95236115659861,0.505104729646757,1.01756827513629,1.33899999999994
"SP",70,23,0.871399346253226,2.19347851280482,0.872939219327971,2.1970150450254,0.497650152825704,1.02112373262638,1.34500000000003
"SP",70,24,0.78633922977616,1.97912082115389,0.787543989125546,1.98203121451489,0.49392692483268,1.05772634096514,1.35799999999995
"SP",70,25,0.767500040482564,2.23358949037092,0.76845809865622,2.23695985455541,0.530101208868671,1.12042445456052,1.36000000000013
"SP",70,26,0.858574547520882,2.145824732044,0.85985576814079,2.14894162670526,0.547603999917271,1.16426337407617,1.35699999999997
"SP",70,27,0.997126272432218,2.45931668865828,0.999090914875109,2.46340356708117,0.520279485221135,1.07943357853999,1.34699999999998
"SP",70,28,0.657668731840061,1.57441616044235,0.657109985654171,1.574353334563,0.793284413243898,1.58959145967342,1.34500000000003
"SP",70,29,0.815473243459764,1.97623383370312,0.815981949444474,1.97820470082381,0.692003033742197,1.41910690832699,1.3449999999998
"SP",70,30,0.846663327871152,2.22130144128113,0.848425176137131,2.22516968245292,0.419037584457154,0.871486589927431,1.34000000000015
"SP",80,1,0.68526283994924,1.70648829525598,0.686228069179337,1.70893102918822,0.451184902373149,0.942787996056568,1.53399999999988
"SP",80,2,0.826275476656543,2.07084557702537,0.82797458886484,2.07432382826451,0.414223428264772,0.889889701931257,1.54200000000014
"SP",80,3,0.746498285111064,1.87573205923027,0.747289058101796,1.87813681169011,0.554727765746428,1.15290968193074,1.53499999999985
"SP",80,4,0.875930017570091,2.43160618079185,0.877423744142817,2.43566940655105,0.51368608157588,1.056703943711,1.52800000000002
"SP",80,5,0.822619589312612,2.24894191362382,0.824118683220125,2.25276621965384,0.45907401986407,0.939524342490471,1.52400000000011
"SP",80,6,0.845559495545844,2.07287861889206,0.847092845041403,2.07617129416935,0.473706596449405,0.991856291587607,1.52800000000002
"SP",80,7,0.876728229009921,2.08800291605391,0.877971555103888,2.09081969363017,0.568901410245533,1.20228900656842,1.52599999999984
"SP",80,8,0.746569510809504,1.91136933901512,0.747491407269236,1.91403336759672,0.523000212217384,1.08715941332453,1.52199999999993
"SP",80,9,0.698894108797417,1.88770981583829,0.699971308369863,1.89070862587498,0.432197447985757,0.870713058526583,1.52800000000002
"SP",80,10,0.873772075819036,2.12299254620408,0.875035894115273,2.12606070114142,0.567283242876619,1.15997911658666,1.52600000000007
"SP",80,11,0.895188411598322,2.40859832972005,0.8968887723082,2.41263365975404,0.482833588833307,1.04079118737382,1.52300000000014
"SP",80,12,0.839207099131654,2.19591220821717,0.840976642972211,2.19980161220084,0.410074661226962,0.822134149808487,1.52600000000007
"SP",80,13,0.874033629782208,2.44107928249337,0.875480150088821,2.44510752369674,0.523237695017452,1.08885398781416,1.52399999999989
"SP",80,14,0.818493564462187,2.3686479046737,0.819845357554283,2.37256157057425,0.490669945821445,1.05384648578208,1.52800000000002
"SP",80,15,0.698431554563679,1.67809441333956,0.699083802951611,1.67992791776878,0.540254664894217,1.15016431253522,1.53700000000003
"SP",80,16,0.780111279953587,1.89117344785249,0.781349008347161,1.89402123325903,0.47994951463031,0.981028612539152,1.52600000000007
"SP",80,17,0.752618010347199,1.76096918133855,0.753464551182595,1.76297460405612,0.547323219591677,1.17779182866125,1.52999999999997
"SP",80,18,0.846002157529859,2.15064248007226,0.847723339024883,2.15435615281848,0.42859808191018,0.864965945948434,1.52700000000004
"SP",80,19,0.737454722788209,1.79804767023109,0.738588801766939,1.80060397108542,0.456675668971622,0.977444548698213,1.52199999999993
"SP",80,20,0.717423451459097,1.70736850252492,0.718583338190943,1.70982420754316,0.43025482809985,0.915140767090194,1.51700000000005
"SP",80,21,0.773457799938757,1.97947081645072,0.774546311796811,1.98237581751544,0.50948256709675,1.06170328499694,1.51900000000001
"SP",80,22,0.940145786886491,2.44476935178866,0.942189850577443,2.44905505736271,0.444439484038023,0.94372226325914,1.51699999999983
"SP",80,23,0.805635181443735,2.07771909801244,0.806850156169877,2.08090263698189,0.510991412652941,1.05180391544545,1.51800000000003
"SP",80,24,0.686389407651601,1.77781482405781,0.686989855942933,1.77993099409975,0.540774569980027,1.15534233380071,1.53400000000011
"SP",80,25,0.74631032001613,1.98233429661304,0.747129492646276,1.98509938278502,0.547652598301313,1.12660576089538,1.52499999999986
"SP",80,26,0.903010861428502,2.15985457160468,0.904764577131992,2.163384702543,0.477716908273736,0.981772818108397,1.5150000000001
"SP",80,27,0.996796388639225,2.52923115743685,0.998108664787113,2.53290205111335,0.678556032203534,1.37497330138918,1.52099999999996
"SP",80,28,0.835995838258355,2.16256347471788,0.837425624038911,2.16603310948401,0.482004708755941,0.978934906829463,1.51699999999983
"SP",80,29,0.750226461798939,1.8567851034678,0.751349808421797,1.85951237127886,0.477803443036086,0.994850701078915,1.51700000000005
"SP",80,30,0.842967744246929,2.20709017093301,0.844395890040518,2.2106236815557,0.496627816385381,1.04194688985073,1.51999999999998
"SP",90,1,0.768809821280619,1.88831877932061,0.770153497476521,1.8911832548669,0.443228852424694,0.970809549952587,1.72900000000004
"SP",90,2,0.821877627678133,2.01468834029375,0.823177991958366,2.01774896413961,0.506791401163629,1.03367391470743,1.79099999999994
"SP",90,3,0.744415516918763,1.90106484144199,0.745472817440146,1.90388634875783,0.48822512731893,1.00634103035932,1.79299999999989
"SP",90,4,0.811260504073683,2.15977924641683,0.812640510459176,2.1633100175765,0.476876507850119,0.982916464996347,1.76099999999997
"SP",90,5,0.79382523421137,2.10447424657471,0.795298916162192,2.10807155059728,0.436743074984791,0.870029546549442,1.77600000000007
"SP",90,6,0.798616472592519,1.97941358337539,0.800086591734745,1.98264799176621,0.442397603701735,0.901633683102195,1.78199999999993
"SP",90,7,0.774636271055111,1.92195951627516,0.775872972353864,1.92477357471057,0.474975974726358,1.03488219395245,1.79899999999998
"SP",90,8,0.889523924519231,2.22818295071306,0.891267180934602,2.23183986031446,0.467122222076388,1.00638490506566,1.78399999999988
"SP",90,9,0.786816520648246,2.06288236141425,0.788152035492187,2.06610516380522,0.456443536128826,0.981675384699715,1.78499999999985
"SP",90,10,0.750359901386278,1.84952401113555,0.751059161342164,1.8516879373405,0.580924932891881,1.21658255048911,1.78899999999999
"SP",90,11,0.883408746875293,2.08339653176746,0.885384679369901,2.08694484762609,0.40462820588538,0.868890441004896,1.76400000000012
"SP",90,12,0.924840919500031,2.39922567911949,0.926940444018194,2.40353232949209,0.416113274517746,0.862828249815873,1.78800000000001
"SP",90,13,0.807132023313493,1.91053848140339,0.808775798370729,1.91378144746551,0.408835263016274,0.803145627172386,1.77400000000011
"SP",90,14,0.752517828142162,1.91800204739463,0.753560688613763,1.92061235974851,0.499826351013184,1.11840454258583,1.77499999999986
"SP",90,15,0.83408430306865,2.08905097309268,0.835307761263553,2.09207595908686,0.537632891882927,1.13994841027043,1.76600000000008
"SP",90,16,0.958528562741384,2.51949297300828,0.96021450763201,2.52352733409054,0.550013793630914,1.190814163097,1.77100000000019
"SP",90,17,0.700148884106475,1.63832884230178,0.701175907990719,1.64068809478822,0.451294709052763,0.899796776409101,1.75600000000009
"SP",90,18,0.795210222714333,2.27352701973321,0.796723161089321,2.2775307244525,0.428615991566693,0.868241391122762,1.76999999999998
"SP",90,19,0.83770783021275,2.26390577658676,0.839275406320511,2.26770451291848,0.449928690555113,0.931052621488097,1.779
"SP",90,20,0.76841503795927,1.9239383375742,0.7698161185746,1.92700306045141,0.428924626820452,0.91751040541395,1.75500000000011
"SP",90,21,0.853062362375355,2.0952987766464,0.854461807485401,2.09851150589132,0.513968244179867,1.06091789455955,1.78899999999999
"SP",90,22,0.748038799739222,1.79829676850843,0.748879370672022,1.8004447798168,0.544363316369237,1.16653830365858,1.75800000000004
"SP",90,23,0.673143118336587,1.60155249919435,0.67413699305386,1.60378175617354,0.432321189394035,0.912999822413214,1.71000000000004
"SP",90,24,0.755629777418466,1.87707361350951,0.756890617879525,1.87987532639641,0.450120414272645,0.986365658162606,1.71299999999997
"SP",90,25,0.868107649017537,2.21611393009406,0.869810082787193,2.219659470204,0.455597523566246,1.04898096793041,1.71299999999997
"SP",90,26,0.768903244772802,1.83330687357039,0.769477574100705,1.83513864602908,0.629739732320356,1.31634939000469,1.71000000000004
"SP",90,27,0.86595234484429,2.32041295965375,0.867597184131764,2.32418697545107,0.459060226105583,1.02378269398723,1.71500000000015
"SP",90,28,0.739737735096853,1.88155975583688,0.740606081030083,1.88416084168548,0.529332199072051,1.08022577191294,1.70900000000006
"SP",90,29,0.820277465858719,2.18288061305346,0.821773089195257,2.18640947073587,0.457878774537941,1.01436970266555,1.71499999999992
"SP",90,30,0.944812548442434,3.41100824360082,0.946710608570557,3.41737573465961,0.484900958621703,1.04861148342939,1.7199999999998
"SSP",50,1,0.816740926938799,2.01419141914721,0.818385096214221,2.01756445507898,0.417006466161328,0.866419241374609,0.989000000000033
"SSP",50,2,0.812684050527143,1.94671281237524,0.813922502127282,1.94938617149963,0.505290042942601,1.09746719484773,1.01099999999997
"SSP",50,3,0.962086302417792,2.35152445258401,0.963537690795123,2.35489821724724,0.609221205700598,1.29200653088148,0.990000000000009
"SSP",50,4,0.94349309206588,2.27555786992917,0.945523179434203,2.27947945555921,0.449933279436049,0.913933733667807,0.990000000000009
"SSP",50,5,0.816251252710524,2.13061001563104,0.817706372554592,2.13419647314261,0.462478952661769,0.90598461833023,0.997000000000071
"SSP",50,6,0.744757726133579,1.75875349523543,0.745960551257967,1.76125610821231,0.45232393619805,0.975445693360394,0.989000000000033
"SSP",50,7,0.926865570619909,2.39242739504074,0.928967857041974,2.39667232328689,0.415752547231021,0.883843342349334,0.996000000000095
"SSP",50,8,0.781073270257584,1.88946295669654,0.782531596254011,1.89247250739659,0.426521482595889,0.896029248533121,1.05899999999997
"SSP",50,9,0.74683626762127,1.79489902244967,0.748016478048642,1.79754666974714,0.453898204460509,0.927804779260448,0.989000000000033
"SSP",50,10,0.80242187081718,1.98864368951756,0.80342288292186,1.99134456452782,0.559053356469072,1.15813251235539,0.995000000000118
"SSP",50,11,1.04528937161926,2.55590681496609,1.0478192738794,2.56056750449058,0.430213338455112,0.857373439051928,1.00999999999999
"SSP",50,12,1.25493275476037,3.16105236690998,1.25691122171191,3.16593972676859,0.773923024275873,1.57300663635954,1.00699999999983
"SSP",50,13,0.799581826473507,1.85689737674268,0.801012952131512,1.85986834719377,0.451643051701615,0.873734662304614,0.990000000000009
"SSP",50,14,0.897521889163867,2.59909188302263,0.899132445657528,2.6035129285469,0.505959450204993,1.07853171628303,0.989000000000033
"SSP",50,15,1.01594301183978,2.61450979218106,1.01834705204169,2.61917206197742,0.419240200056598,0.88270629956729,0.998000000000047
"SSP",50,16,0.94618388451343,2.41621205295437,0.947298076135987,2.41955651069109,0.675298888605114,1.38059971870291,0.988000000000056
"SSP",50,17,0.686393157242368,1.63841769322044,0.687480320809168,1.64079353189586,0.42207928844043,0.888974396221803,0.986999999999853
"SSP",50,18,0.848125641381569,2.01094189893686,0.8497633566194,2.01419400944938,0.44996030202906,0.928099697233557,0.996000000000095
"SSP",50,19,0.722532433965739,1.7677648294096,0.72362431572606,1.77032854968255,0.457071466400402,0.959013106037791,0.989000000000033
"SSP",50,20,1.15788539787047,3.73501917223788,1.15978802864889,3.74159435447864,0.695313143516946,1.41366373944847,0.996999999999844
"SSP",50,21,0.823636867218379,1.94553844486578,0.825237863685463,1.94868634902973,0.434398685333137,0.897088454837323,0.990000000000009
"SSP",50,22,0.706075994114701,1.67224098244393,0.707112872308648,1.67467590839448,0.453987628308658,0.902809377238273,0.990000000000009
"SSP",50,23,0.729740744391137,1.89615014333118,0.730835629047885,1.89900347983053,0.463549705292259,0.981146649818961,1.00499999999988
"SSP",50,24,0.857769093848218,2.16574177648079,0.859565334358623,2.16958322006836,0.421062702002293,0.800936284230325,0.990999999999985
"SSP",50,25,0.829472591702793,2.07598484773674,0.831264217641285,2.07968280899148,0.393888105881146,0.75731720165084,0.989000000000033
"SSP",50,26,0.892385641165678,2.34386096427014,0.894091782401093,2.34782555645161,0.477584405706458,0.985624184886068,0.990000000000009
"SSP",50,27,0.93117299484333,2.3362528169614,0.933032898432949,2.34025262937315,0.478988679269017,0.954168055753827,0.989000000000033
"SSP",50,28,0.847201257862005,2.08605212156339,0.847562695440497,2.08802249687075,0.759327668626026,1.5336409091231,0.989999999999782
"SSP",50,29,0.912099454598081,2.34592774128422,0.913348170013359,2.34936871968654,0.608508704756897,1.255145449056,0.985000000000127
"SSP",50,30,0.814438342411253,2.0027389451834,0.814479382604216,2.00429819285709,0.804460550191705,1.5785889696832,0.995999999999867
"SSP",60,1,0.810379065810434,1.98544734535653,0.812033528248562,1.98884794524856,0.408479751503703,0.811764934226035,1.17600000000016
"SSP",60,2,0.856032821960203,2.00653125013274,0.85551328635705,2.00693280128886,0.982237562456874,1.90648307448345,1.18499999999995
"SSP",60,3,1.02390297907874,2.68844497490073,1.02531325431723,2.69249934762578,0.681321220635095,1.38857600192622,1.18100000000004
"SSP",60,4,0.739390035894308,1.98957085914364,0.739986788461859,1.99203865250196,0.594427876474651,1.25360578265896,1.17399999999998
"SSP",60,5,0.96731314013881,2.34460013554949,0.968746116716306,2.34796943179632,0.619216809487067,1.28703178007086,1.18799999999987
"SSP",60,6,0.65339430739464,1.57765798044253,0.654389635937785,1.57993710080255,0.411610722720146,0.860716643805111,1.1719999999998
"SSP",60,7,0.931667875723936,2.67335591113578,0.933713219951482,2.67817450848128,0.43481619530655,0.939535737250787,1.20299999999997
"SSP",60,8,0.773967364984515,1.95483934107158,0.775542466724759,1.95820069016299,0.391346221838885,0.791371491645731,1.17200000000003
"SSP",60,9,1.00411248291969,2.62590758797738,1.00630865309787,2.63045019856293,0.459462278731375,0.986787313960422,1.173
"SSP",60,10,0.843805661684646,2.12972946840914,0.845289049439599,2.13318952708662,0.483463530109183,0.976070627436685,1.17100000000005
"SSP",60,11,0.971690214391468,2.64177818161431,0.974017049026151,2.64661188221132,0.406459343848209,0.877150273529936,1.17000000000007
"SSP",60,12,0.783219823564577,1.91609526914942,0.784550740170334,1.9190350945386,0.459915734619266,0.965717530588731,1.17900000000009
"SSP",60,13,0.744102674451768,1.76060785859933,0.745165714402635,1.76300846803166,0.485870745162645,1.02222095798414,1.1690000000001
"SSP",60,14,0.870732517139303,2.24712131691768,0.872588161075574,2.25095794852932,0.419962521763051,0.925957354638439,1.17200000000003
"SSP",60,15,0.814228191273333,2.30384577175108,0.815507895507821,2.30757053177376,0.503364527945084,1.06547531952521,1.18299999999999
"SSP",60,16,0.813594912108789,2.09731162962972,0.814926938754227,2.10050317316285,0.490021174136287,1.06967992174748,1.17099999999982
"SSP",60,17,0.714760972720367,1.61451774295257,0.714859337272117,1.61531125234606,0.690866416404336,1.40857805760117,1.17399999999998
"SSP",60,18,0.80758016830389,1.91566820426919,0.809152115992096,1.91881823409733,0.42572520233007,0.857691816134646,1.18100000000004
"SSP",60,19,0.709588062057628,1.71612352605345,0.710499968699437,1.7184903250305,0.488069189456447,0.98508207695385,1.17100000000005
"SSP",60,20,0.767816881385099,2.01704097399489,0.768827020556657,2.0199110202966,0.522435523036997,1.11979640777209,1.17400000000021
"SSP",60,21,0.734089870169569,1.79080754012127,0.735335736049889,1.79360097176744,0.431446164588959,0.880169629054653,1.17200000000003
"SSP",60,22,0.69783380285419,1.78225208369803,0.69880485383749,1.7849031262674,0.46194768338052,0.937667930373997,1.173
"SSP",60,23,0.757770591164759,2.00397557116078,0.758822936510911,2.00694433473348,0.502136577792265,1.05989349058295,1.17200000000003
"SSP",60,24,0.850276322285192,2.14586531650127,0.852086582109556,2.14953782144821,0.401331885843189,0.83220515307866,1.17200000000003
"SSP",60,25,0.774520947595482,1.829210788716,0.775871346346676,1.83191010275885,0.446484287687983,0.972300206722179,1.16899999999987
"SSP",60,26,0.781350128002143,1.93088045297493,0.782164957028114,1.9333212123874,0.583413191346815,1.19883014168731,1.17500000000018
"SSP",60,27,1.04746180197274,2.63550121455179,1.04983655186272,2.64016460783245,0.470591435841083,0.984614856012773,1.17899999999986
"SSP",60,28,0.898127779248311,2.15358021198373,0.898878094077627,2.15588141290704,0.715862525914772,1.49295062452941,1.18100000000004
"SSP",60,29,0.870451871845367,2.09467370748812,0.871871266560992,2.09780373418957,0.525654824904919,1.09542026212971,1.17599999999993
"SSP",60,30,0.809655263025343,2.18454246587078,0.810917220437026,2.18797769133552,0.503102628917648,1.05992827911086,1.1690000000001
"SSP",70,1,0.793506121583579,1.98443003735693,0.795142272991409,1.98785725945171,0.396388801311799,0.796035137342267,1.36899999999991
"SSP",70,2,0.848310574639854,2.02072114687503,0.84944908667789,2.02349636059932,0.571977438550587,1.16584462084128,1.36200000000008
"SSP",70,3,0.960918120410257,2.9162520545016,0.96306100975016,2.92168182954892,0.440808264910425,0.90044797119535,1.38100000000009
"SSP",70,4,0.969879700836083,2.4366768942535,0.971366031197955,2.4402866669473,0.609126088719082,1.29014528100092,1.37000000000012
"SSP",70,5,1.08087073185715,2.85538552475141,1.08373186409975,2.86079872309064,0.38643306326034,0.80184625108387,1.38100000000009
"SSP",70,6,0.904506177275131,2.22921432139334,0.906023842564934,2.23264231008981,0.536147130507042,1.12117544584094,1.36599999999999
"SSP",70,7,0.800974066295666,2.0908258993015,0.802333946938251,2.09414141274337,0.470911607473947,1.00190602375259,1.346
"SSP",70,8,0.797554669333146,2.26594432264275,0.798620371946746,2.26945593855146,0.53889342068943,1.12645207815577,1.3570000000002
"SSP",70,9,0.736620061939895,1.77135990770748,0.737904914363561,1.77410729251475,0.418244338459163,0.850903104648549,1.36000000000013
"SSP",70,10,0.881728302500549,2.09041242384466,0.883552731703968,2.09385396662747,0.438913271556504,0.935231444878034,1.34800000000018
"SSP",70,11,0.921840579690177,2.74240716941673,0.92376891936133,2.74736260882297,0.453804993791076,0.958093886549621,1.34500000000003
"SSP",70,12,0.865003065996859,2.11738907484175,0.866484593744239,2.12070305207767,0.505415117025669,1.03654653163344,1.37999999999988
"SSP",70,13,0.772167498482006,1.88280236801312,0.773602692741424,1.88585186750089,0.423825348946026,0.869222989213797,1.69599999999991
"SSP",70,14,0.72927918337785,1.82562393633135,0.730077306613127,1.82796534622797,0.535563272415719,1.12097780473858,1.35599999999999
"SSP",70,15,0.836008993982753,2.07848502686986,0.836373860777531,2.08056365484145,0.747450610507255,1.49057274662385,1.35899999999992
"SSP",70,16,0.982333467905079,2.70931795761589,0.984460538215048,2.71421322001777,0.466063116956878,0.946802297642277,1.35300000000007
"SSP",70,17,0.75438209761325,1.76190388437728,0.755488486556045,1.76429863445634,0.485845695640636,1.02700299519276,1.35300000000007
"SSP",70,18,0.819987942090196,2.10514171418793,0.821445995830865,2.10848459807832,0.466097469890589,1.00639449367362,1.35499999999979
"SSP",70,19,0.814363987440628,2.04466920853299,0.81563520153498,2.04754197551807,0.499367728310819,1.12589563218253,1.35300000000007
"SSP",70,20,0.75545256007665,1.7896046824929,0.756630343704057,1.79228244125442,0.469587648224654,0.93525821480858,1.36300000000006
"SSP",70,21,0.73136768591754,1.83824363184794,0.732278447301562,1.84069472379131,0.510312887138118,1.09109299643868,1.35400000000004
"SSP",70,22,0.817702689377525,1.94944161123642,0.818990615050343,1.95236115659861,0.505104729646757,1.01756827513629,1.36899999999991
"SSP",70,23,0.871399346253226,2.19347851280482,0.872939219327971,2.1970150450254,0.497650152825704,1.02112373262638,1.37100000000009
"SSP",70,24,0.78633922977616,1.97912082115389,0.787543989125546,1.98203121451489,0.49392692483268,1.05772634096514,1.35699999999997
"SSP",70,25,0.767500040482564,2.23358949037092,0.76845809865622,2.23695985455541,0.530101208868671,1.12042445456052,1.35300000000007
"SSP",70,26,0.858574547520882,2.145824732044,0.85985576814079,2.14894162670526,0.547603999917271,1.16426337407617,1.35500000000002
"SSP",70,27,0.997126272432218,2.45931668865828,0.999090914875109,2.46340356708117,0.520279485221135,1.07943357853999,1.35400000000004
"SSP",70,28,0.657668731840061,1.57441616044235,0.657109985654171,1.574353334563,0.793284413243898,1.58959145967342,1.35400000000004
"SSP",70,29,0.815473243459764,1.97623383370312,0.815981949444474,1.97820470082381,0.692003033742197,1.41910690832699,1.3599999999999
"SSP",70,30,0.846663327871152,2.22130144128113,0.848425176137131,2.22516968245292,0.419037584457154,0.871486589927431,1.35500000000002
"SSP",80,1,0.68526283994924,1.70648829525598,0.686228069179337,1.70893102918822,0.451184902373149,0.942787996056568,1.57399999999984
"SSP",80,2,0.826275476656543,2.07084557702537,0.82797458886484,2.07432382826451,0.414223428264772,0.889889701931257,1.54700000000003
"SSP",80,3,0.746498285111064,1.87573205923027,0.747289058101796,1.87813681169011,0.554727765746428,1.15290968193074,1.53600000000006
"SSP",80,4,0.875930017570091,2.43160618079185,0.877423744142817,2.43566940655105,0.51368608157588,1.056703943711,1.54700000000003
"SSP",80,5,0.822619589312612,2.24894191362382,0.824118683220125,2.25276621965384,0.45907401986407,0.939524342490471,1.53899999999999
"SSP",80,6,0.845559495545844,2.07287861889206,0.847092845041403,2.07617129416935,0.473706596449405,0.991856291587607,1.54500000000007
"SSP",80,7,0.876728229009921,2.08800291605391,0.877971555103888,2.09081969363017,0.568901410245533,1.20228900656842,1.54299999999989
"SSP",80,8,0.746569510809504,1.91136933901512,0.747491407269236,1.91403336759672,0.523000212217384,1.08715941332453,1.55200000000013
"SSP",80,9,0.698894108797417,1.88770981583829,0.699971308369863,1.89070862587498,0.432197447985757,0.870713058526583,1.67399999999998
"SSP",80,10,0.873772075819036,2.12299254620408,0.875035894115273,2.12606070114142,0.567283242876619,1.15997911658666,1.59300000000007
"SSP",80,11,0.895188411598322,2.40859832972005,0.8968887723082,2.41263365975404,0.482833588833307,1.04079118737382,1.57399999999984
"SSP",80,12,0.839207099131654,2.19591220821717,0.840976642972211,2.19980161220084,0.410074661226962,0.822134149808487,1.58200000000011
"SSP",80,13,0.874033629782208,2.44107928249337,0.875480150088821,2.44510752369674,0.523237695017452,1.08885398781416,1.57899999999995
"SSP",80,14,0.818493564462187,2.3686479046737,0.819845357554283,2.37256157057425,0.490669945821445,1.05384648578208,1.62699999999995
"SSP",80,15,0.698431554563679,1.67809441333956,0.699083802951611,1.67992791776878,0.540254664894217,1.15016431253522,1.58799999999997
"SSP",80,16,0.780111279953587,1.89117344785249,0.781349008347161,1.89402123325903,0.47994951463031,0.981028612539152,1.58299999999986
"SSP",80,17,0.752618010347199,1.76096918133855,0.753464551182595,1.76297460405612,0.547323219591677,1.17779182866125,1.58600000000001
"SSP",80,18,0.846002157529859,2.15064248007226,0.847723339024883,2.15435615281848,0.42859808191018,0.864965945948434,1.58699999999999
"SSP",80,19,0.737454722788209,1.79804767023109,0.738588801766939,1.80060397108542,0.456675668971622,0.977444548698213,1.59099999999989
"SSP",80,20,0.717423451459097,1.70736850252492,0.718583338190943,1.70982420754316,0.43025482809985,0.915140767090194,1.58500000000004
"SSP",80,21,0.773457799938757,1.97947081645072,0.774546311796811,1.98237581751544,0.50948256709675,1.06170328499694,1.61000000000013
"SSP",80,22,0.940145786886491,2.44476935178866,0.942189850577443,2.44905505736271,0.444439484038023,0.94372226325914,1.56500000000005
"SSP",80,23,0.805635181443735,2.07771909801244,0.806850156169877,2.08090263698189,0.510991412652941,1.05180391544545,1.57899999999995
"SSP",80,24,0.686389407651601,1.77781482405781,0.686989855942933,1.77993099409975,0.540774569980027,1.15534233380071,1.57899999999995
"SSP",80,25,0.74631032001613,1.98233429661304,0.747129492646276,1.98509938278502,0.547652598301313,1.12660576089538,1.57299999999987
"SSP",80,26,0.903010861428502,2.15985457160468,0.904764577131992,2.163384702543,0.477716908273736,0.981772818108397,1.58899999999994
"SSP",80,27,0.996796388639225,2.52923115743685,0.998108664787113,2.53290205111335,0.678556032203534,1.37497330138918,1.58500000000004
"SSP",80,28,0.835995838258355,2.16256347471788,0.837425624038911,2.16603310948401,0.482004708755941,0.978934906829463,1.5949999999998
"SSP",80,29,0.750226461798939,1.8567851034678,0.751349808421797,1.85951237127886,0.477803443036086,0.994850701078915,1.56600000000003
"SSP",80,30,0.842967744246929,2.20709017093301,0.844395890040518,2.2106236815557,0.496627816385381,1.04194688985073,1.57099999999991
"SSP",90,1,0.768809821280619,1.88831877932061,0.770153497476521,1.8911832548669,0.443228852424694,0.970809549952587,1.77200000000016
"SSP",90,2,0.821877627678133,2.01468834029375,0.823177991958366,2.01774896413961,0.506791401163629,1.03367391470743,1.76999999999998
"SSP",90,3,0.744415516918763,1.90106484144199,0.745472817440146,1.90388634875783,0.48822512731893,1.00634103035932,1.79100000000017
"SSP",90,4,0.811260504073683,2.15977924641683,0.812640510459176,2.1633100175765,0.476876507850119,0.982916464996347,1.72499999999991
"SSP",90,5,0.79382523421137,2.10447424657471,0.795298916162192,2.10807155059728,0.436743074984791,0.870029546549442,1.73399999999992
"SSP",90,6,0.798616472592519,1.97941358337539,0.800086591734745,1.98264799176621,0.442397603701735,0.901633683102195,1.72599999999989
"SSP",90,7,0.774636271055111,1.92195951627516,0.775872972353864,1.92477357471057,0.474975974726358,1.03488219395245,1.72199999999998
"SSP",90,8,0.889523924519231,2.22818295071306,0.891267180934602,2.23183986031446,0.467122222076388,1.00638490506566,1.74299999999994
"SSP",90,9,0.786816520648246,2.06288236141425,0.788152035492187,2.06610516380522,0.456443536128826,0.981675384699715,1.7349999999999
"SSP",90,10,0.750359901386278,1.84952401113555,0.751059161342164,1.8516879373405,0.580924932891881,1.21658255048911,2.18999999999983
"SSP",90,11,0.883408746875293,2.08339653176746,0.885384679369901,2.08694484762609,0.40462820588538,0.868890441004896,1.77800000000002
"SSP",90,12,0.924840919500031,2.39922567911949,0.926940444018194,2.40353232949209,0.416113274517746,0.862828249815873,2.54199999999992
"SSP",90,13,0.807132023313493,1.91053848140339,0.808775798370729,1.91378144746551,0.408835263016274,0.803145627172386,1.97199999999998
"SSP",90,14,0.752517828142162,1.91800204739463,0.753560688613763,1.92061235974851,0.499826351013184,1.11840454258583,2.20500000000015
"SSP",90,15,0.83408430306865,2.08905097309268,0.835307761263553,2.09207595908686,0.537632891882927,1.13994841027043,1.779
"SSP",90,16,0.958528562741384,2.51949297300828,0.96021450763201,2.52352733409054,0.550013793630914,1.190814163097,2.23800000000006
"SSP",90,17,0.700148884106475,1.63832884230178,0.701175907990719,1.64068809478822,0.451294709052763,0.899796776409101,1.76900000000001
"SSP",90,18,0.795210222714333,2.27352701973321,0.796723161089321,2.2775307244525,0.428615991566693,0.868241391122762,1.77199999999993
"SSP",90,19,0.83770783021275,2.26390577658676,0.839275406320511,2.26770451291848,0.449928690555113,0.931052621488097,1.75999999999999
"SSP",90,20,0.76841503795927,1.9239383375742,0.7698161185746,1.92700306045141,0.428924626820452,0.91751040541395,1.73199999999997
"SSP",90,21,0.853062362375355,2.0952987766464,0.854461807485401,2.09851150589132,0.513968244179867,1.06091789455955,1.721
"SSP",90,22,0.748038799739222,1.79829676850843,0.748879370672022,1.8004447798168,0.544363316369237,1.16653830365858,1.721
"SSP",90,23,0.673143118336587,1.60155249919435,0.67413699305386,1.60378175617354,0.432321189394035,0.912999822413214,1.73199999999997
"SSP",90,24,0.755629777418466,1.87707361350951,0.756890617879525,1.87987532639641,0.450120414272645,0.986365658162606,1.72199999999998
"SSP",90,25,0.868107649017537,2.21611393009406,0.869810082787193,2.219659470204,0.455597523566246,1.04898096793041,1.72700000000009
"SSP",90,26,0.768903244772802,1.83330687357039,0.769477574100705,1.83513864602908,0.629739732320356,1.31634939000469,1.721
"SSP",90,27,0.86595234484429,2.32041295965375,0.867597184131764,2.32418697545107,0.459060226105583,1.02378269398723,1.72299999999996
"SSP",90,28,0.739737735096853,1.88155975583688,0.740606081030083,1.88416084168548,0.529332199072051,1.08022577191294,1.72199999999998
"SSP",90,29,0.820277465858719,2.18288061305346,0.821773089195257,2.18640947073587,0.457878774537941,1.01436970266555,1.74199999999996
"SSP",90,30,0.944812548442434,3.41100824360082,0.946710608570557,3.41737573465961,0.484900958621703,1.04861148342939,1.72699999999986
